name,address,city,state,zip_code,country,region,phone,email,website,status
Geek Boutique,1175 Main St,Clinton,MA,1510,USA,Northeast,(978) 733-4737,customerservice@tosscomics.com,shopgeekboutique.com,Open
Geek Geek Nerd Nerd,106 SE Evergreen Ave Suite J,Redmond,OR,97756,USA,West,(541) 527-4987,geekgeeknerdnerd@gmail.com,stores.comichub.com/geek_geek_nerd_nerd,Open
Geek Out,209 Cogswell Ave,Pell City,AL,35125,USA,Southeast,(205) 858-9305,,geekoutworld.com,Open
GeekMe,3770 Carman Road Suite 3,Schenectady,NY,12303,USA,Northeast,(518) 630-6005,,geekme.us,Open
Gibby's Comics,297 North Spruce Rd (inside Rocky Hill Antiques),Exeter,CA,93221,USA,West,(559) 898-2428,gibbyscomicsandcollectibles@gmail.com,gibbyscomics.com,Open
Goblin Comics,317 E Saint Patrick St,Rapid City,SD,57701,USA,Midwest,(605) 858-2404,goblincomic64@gmail.com,yelp.com/biz/goblin-comics-rapid-city,Open
Golden Eagle Comics & Games,2910 N 5th Street Hwy #A,Reading,PA,19605,USA,Northeast,(610) 921-3160,geaglecomics@aol.com,goldeneaglecomics.com,Open
Golden Unicorn Comics,4 N Kennedy Dr,McAdoo,PA,18237,USA,Northeast,(570) 929-1027,,,Open
Goldmine Comics & Cards,65 54th St SW,Grand Rapids,MI,49548,USA,Midwest,(616) 534-7227,goldminecomics@comcast.net,goldminecomics.com,Open
Gonzo Toys N Comics,10910 Katy Freeway Ste 178,Houston,TX,77043,USA,Southwest,(832) 403-9287,lamydoc1@gmail.com,yelp.com/biz/gonzo-toys-n-comics-houston,Open
Gorilla Todd Comics,6718 W Cheyenne Ave,Las Vegas,NV,89108,USA,West,(702) 470-8447,gorillatoddcomics@gmail.com,gorillatoddcomics.com,Open
Got Books,814 S Washington St,Shelby,NC,28150,USA,Southeast,(704) 466-3492,info@gotbooksonline.com,gotbooksonline.com,Open
Got Comics,330 E Army Trail Rd,Glendale Heights,IL,60139,USA,Midwest,(224) 353-4902,gotcomicsinc@yahoo.com,gotcomicsinc.com,Open
Gotham City Comics,151 N Country Club Dr,Mesa,AZ,85201,USA,Southwest,(480) 649-3065,,batcavecomic.com,Open
Gotham City Limit,4195 Southside Blvd Suite 104,Jacksonville,FL,32216,USA,Southeast,(904) 641-3335,ben@gothamcitylimit.com,gothamcitylimit.com,Open
Gotham Comics & Toys,44a Hamburg Turnpike,Riverdale,NJ,7457,USA,Northeast,(201) 257-7733,jameson@gothamcomicsnj.com,gothamcomicsnj.com,Open
Great Stories,1167 Providence Rd Unit 4,Whitinsville,MA,1588,USA,Northeast,(508) 266-0051,great_stories@hotmail.com,greatstoriesinc.com,Open
Green Dragon Comic Shop,1 Victory Hwy,Chepachet,RI,2814,USA,Northeast,(401) 949-2076,GreenDragonComics@yahoo.com,facebook.com/greendragoncomics,Open
Greenbush Out-of-Print Comics,501 Columbia Turnpike Suite G,Rensselaer,NY,12144,USA,Northeast,(518) 894-7336,goopcomics@yahoo.com,greenbushcomics.com,Open
Gregs Comics,2722 S Alma School Rd #8,Mesa,AZ,85210,USA,Southwest,(480) 752-1881,hhwolfman@aol.com,gregscomics.com,Open
Ground Zero Comics,15139 Pearl Rd,Strongsville,OH,44136,USA,Midwest,(440) 572-9599,gzcomics@yahoo.com,groundzerocomicsandcards.com,Open
Ground Zero Comics,2744 E 5th St,Tyler,TX,75701,USA,Southwest,(903) 566-1185,info@groundzerocomics.com,groundzerocomics.com,Open
Grumpy Bob's Emporium,2915 N Center St,Maryville,IL,62062,USA,Midwest,(618) 288-3491,grumpybobsemporium@gmail.com,grumpybobsonline.com,Open
Grumpy's Comics,111 E University Dr Suite 108,Denton,TX,76209,USA,Southwest,(940) 591-9771,grumpyscomics@gmail.com,grumpyscomicsdenton.com,Open
Guild of Blades Retail,775 E 14 Mile Rd,Clawson,MI,48017,USA,Midwest,(248) 430-4980,,gobretail.com,Open
Gulf Coast Cosmos Comicbook Co.,2408 Wheeler Avenue,Houston,TX,77004,USA,Southwest,(346) 418-9040,gcccomics@gmail.com,gcccomicshtx.com,Open
Guns N Comics,2304 S French Ave,Sanford,FL,32771,USA,Southeast,(321) 972-1493,,gunsncomics.net,Open
Gyromite Comics,13850 Florida Blvd,Livingston,LA,70754,USA,Southeast,(225) 435-0418,gyromitecomics@gmail.com,gyromitecomics.com,Open
Hot Comics and Collectibles,26 W 66th St,Richfield,MN,55423,USA,Midwest,(612) 798-3936,hotcomicsdotcom@gmail.com,hotcomicsandcollectibles.com,Open
Hot Flips,87-B Eads St,West Babylon,NY,11704,USA,Northeast,(800) 922-3547,hotflipsnj@yahoo.com,hotflips.com,Open
Hot Spot Collectibles and Toys,680 E 56th St F,Brownsburg,IN,46112,USA,Midwest,(317) 742-5089,sales@hotspotcollectiblesandtoys.com,hotspotcollectiblesandtoys.com,Open
House Of Games,562 Tusculum Blvd,Greeneville,TN,37745,USA,Southeast,(423) 972-6500,houseofgames76@gmail.com,houseofgames.store,Open
Hub City Collectibles,2606 50th St,Lubbock,TX,79413,USA,Southwest,(806) 370-0057,hubcitycollectibles.lbk@gmail.com,https://www.facebook.com/p/Hub-City-Collectibles-61570591795586/,Open
Hyped Cards & Collectibles,13696 Southcove Dr,Sterling Heights,MI,48313,USA,Midwest,(586) 275-8038,info@hypedcc.com,hyped.cards,Open
Hypno Comics & Games,720 East St Suite 2,Pahrump,NV,89048,USA,West,(775) 513-6213,hypnocomics@gmail.com,hypnocomics.com,Open
ITS GEEKY Comics & Collectibles,7415 El Cajon Blvd,La Mesa,CA,91942,USA,West,(619) 414-7647,its_geeky@live.com,instagram.com/its_geeky,Open
Iguana Comics & Gifts,100 NE Midland Ave,Grants Pass,OR,97526,USA,West,(541) 474-9730,iguanacomics@hotmail.com,facebook.com/IguanaComics,Open
Jim & Dan Comics and Collectibles,1 E Dayton St,West Alexandria,OH,45381,USA,Midwest,(937) 839-7068,jimdancomics@gmail.com,jimanddancomics.com,Open
Jimbo's Comics and Collectibles,2337 Pinto Lane,Las Vegas,NV,89107,USA,West,(917) 407-4194,admin@jimboscomics.com,jimboscomics.com,Open
Jimmyjams Comics Cards & Games,113 E 3rd Street,Winona,MN,55987,USA,Midwest,(507) 453-0271,jimmyjamswinona@gmail.com,facebook.com/jimmyjamswinona,Open
Jmz Comics & Collectibles,12 East Pennsylvania Avenue,Pen Argyl,PA,18072,USA,Northeast,(610) 881-4149,jmzcomicsncollectibles@gmail.com,ebay.com/usr/jmzcomics75,Open
Johnny Destructo's Hero Complex,4327 Main St,Philadelphia,PA,19127,USA,Northeast,(215) 482-7700,jdsherocomplex@gmail.com,jdsherocomplex.com,Open
Johnny Scott Comics & Games,1312 N Mantua St,Kent,OH,44240,USA,Midwest,(330) 474-7049,sstjohn1@yahoo.com,https://www.facebook.com/JohnnyScottEnterprises/,Open
Jomio and Rueliete's Cards and Comics,2101 County Road 381,Early,TX,76802,USA,Southwest,(325) 998-5783,darovinshowalter@yahoo.com,jomio-and-ruelietes-cards-and-comics.myshopify.com,Open
Journey Into Comics,1635 River Valley Cir S #633,Lancaster,OH,43130,USA,Midwest,(740) 653-5955,journeyin2comics@gmail.com,journeyin2comics.com,Open
13th Verse Comics,3200 West Ridge Rd,Greece,NY,14626,USA,Northeast,585-663-2377,michael@13thversecomics.com,store.13thversecomics.com,Open
1811 Comics,56 E Spring St,Williamsville,NY,14221,USA,Northeast,716-633-2424,sweetjennyswilliamsville@aol.com,sweetjennyswilliamsville.com,Open
4th World Comics,33 NY-111,Smithtown,NY,11787,USA,Northeast,631-366-4440,,fourthworldcomics.com,Open
A & J Comics Cards and Collectibles,411 S 3rd St,Union City,TN,38261,USA,South,731-599-9939,,facebook.com/pages/A-J-Comics-Cards-and-Collectibles,Open
A-1 Comics,850 E Bidwell St Ste 160,Folsom,CA,95630,USA,West,916-983-7907,,a-1comics.com,Open
Absolute Best Comics Toys,43961 15th St W,Lancaster,CA,93534,USA,West,661-206-9719,K_Adams@att.net,https://www.facebook.com/p/Absolute-Best-Comics-Toys-Games-61568483395365/,Open
Acme Comics & Books,2218 W Glen Ave,Peoria,IL,61614,USA,Midwest,309-691-9816,acmeone@comcast.net,acmecomicspeoria.com,Open
Alameda Sports Cards & Comics,1515 Webster St,Alameda,CA,94501,USA,West,510-769-0644,p94501@aol.com,alamedacardsandcomics.com,Open
All American Cards and Comics,161 W Market St,Warren,OH,44481,USA,Midwest,330-393-3137,iuz22000@yahoo.com,facebook.com/pages/all-american-cards-and-comics/162251137284,Open
All Heroes Comics,4410 Lake Ave,Rochester,NY,14612,USA,Northeast,585-865-9113,,allheroescomics.com,Open
All in A Dream Comics,3115 E Colfax Ave,Denver,CO,80206,USA,West,303-333-8616,,allinadream.us,Open
All-Star Comics,12325 N May Ave #113,Oklahoma City,OK,73120,USA,Southwest,405-842-7800,staff@allstarcomicsokc.com,allstarcomicsokc.com,Open
Allstar Comics & Games,4406 Dyer St,El Paso,TX,79930,USA,Southwest,915-562-0443,,facebook.com/AllStarElPaso,Open
Alpha Comics & Games,120 W Pine Street,Warrensburg,MO,64093,USA,Midwest,660-747-3830,bri@alphacomics.com,https://www.facebook.com/alphacomicsandgames,Open
Als Comic Shop,1847 Pacific Ave,Stockton,CA,95204,USA,West,209-464-1513,alscomics21@gmail.com,alscomics.com,Open
Alternate Reality Comics,5300 S Eastern Ave #130,Las Vegas,NV,89119,USA,West,702-736-3673,,alternaterealitycomics.net,Open
Amazing Fantasy,650 Irving St,San Francisco,CA,94122,USA,West,415-681-4344,amazingfantasy00@aol.com,amazingfantasy.com,Open
Americas Heroes Comics & Games,3401 W Stan Schlueter Loop Ste 8,Killeen,TX,76549,USA,Southwest,254-634-8200,americasheroescomics@yahoo.com,americasheroescomicskilleen.com,Open
Antiquarium Books & Collectibles,504 E High St,Jefferson City,MO,65101,USA,Midwest,573-636-1112,antiquarium05@gmail.com,antiquarium.tripod.com,Open
Arcade Entertainment,N90W16933 Appleton Ave,Menomonee Falls,WI,53051,USA,Midwest,262-251-6363,arcade.entertainment.wi@gmail.com,arcade-entertainment.com,Open
Ash Avenue Comics & Books,806 S Ash Ave,Tempe,AZ,85281,USA,Southwest,480-858-9447,drew@ashavecomics.com,ashavecomics.com,Open
Atomic Comics Games & Music,2418 W 7th St,Muncie,IN,47302,USA,Midwest,765-288-1500,,atomicgamesindiana.com,Open
Atomic Comics,11414 Artesia Blvd Ste A,Artesia,CA,90701,USA,West,562-319-7572,,facebook.com/nov018,Open
Atomic Comics,86 W Washington St,Hagerstown,MD,21740,USA,Northeast,301-739-0177,atomicspawn@aol.com,instagram.com/atomic_comics_hagerstown,Open
Axtion Comics Cards Games,2200 N Highway 190,Covington,LA,70433,USA,Southeast,985-809-2939,,,Open
B and D Sports Cards and Comics,1326 Piney Forest Road,Danville,VA,24540,USA,Southeast,434-836-9133,,instagram.com/bd.cardsandcomics,Open
B-Bop Comics South,8709 Metcalf Ave,Overland Park,KS,66212,USA,Midwest,(913) 383-1777,info@bbopcomics.com,bbopcomics.com,Open
B-Town Comics & Games,1604 Mount Pleasant St,Burlington,IA,52601,USA,Midwest,(319) 209-2768,btowncomicshop@gmail.com,btowncomicsandgames.com,Open
BaT Comics & Games,218 Broadway St,Chico,CA,95928,USA,West,(530) 898-0550,bat@batcomics.com,batcomicsandgames.com,Open
Babylon Collectibles,225 Deer Park Ave,Babylon,NY,11702,USA,Northeast,(631) 482-9056,hello@babyloncollectibles.com,babyloncollectibles.com,Open
Back To the Past Collectibles,20770 Parker St,Farmington Hills,MI,48336,USA,Midwest,(313) 533-3130,frontcounter@gobacktothepast.com,gobacktothepast.com,Open
Bases Cards & Comics,42035 12th St W #106,Lancaster,CA,93534,USA,West,(661) 942-1396,,comicshoplocator.com/Retailer/StoreProfile/1167,Open
Beachcomber Collectibles,6692 Black Horse Pike,Egg Harbor Township,NJ,8234,USA,Northeast,(609) 645-1031,bccollectibles@hotmail.com,beachcombercoinsinc.com,Open
Bells Comics Cards and Games,25 Pine Grove Square,Grove City,PA,16127,USA,Northeast,(724) 458-4081,bellscomics@zoominternet.net,facebook.com/groups/bellscomics,Open
Bethany Beach Comics and Gaming,38017 Fenwick Shoals Blvd,Selbyville,DE,19975,USA,South,(302) 539-0210,cgobbde@gmail.com,facebook.com/ComicsAndGamingBBD,Open
Bittermanns Comics and More,117 Main St,East Greenville,PA,18041,USA,Northeast,(610) 489-7357,,,Open
Blackbird Comics,5615 Losee Rd #105,North Las Vegas,NV,89081,USA,West,(702) 399-2948,lvblackbirdcomics@gmail.com,theblackbirdroost.com,Open
Bobs Comic Castle,2150 W White River Blvd,Muncie,IN,47303,USA,Midwest,(765) 282-1563,,facebook.com/Bobs-Comic-Castle,Open
Bobs Comics,979 Gadsden Hwy,Birmingham,AL,35235,USA,Southeast,(205) 833-6914,,,Open
Books Comics and Things,2212 Maplecrest Rd,Fort Wayne,IN,46815,USA,Midwest,(260) 755-2425,bct@bctcomics.com,bctcomics.com,Open
Buy Me Toys & Comics,4615 Grape Road Suite C,Mishawaka,IN,46545,USA,Midwest,(574) 271-8697,info@buymetoys.com,buymetoys.com,Open
Capital City Comics,1910 Monroe St,Madison,WI,53711,USA,Midwest,(608) 251-8445,tba@capcitycmx.com,,Open
Capitol City Comic Shop,415 Coliseum Blvd,Montgomery,AL,36109,USA,Southeast,334-215-3335,robcomix@aol.com,instagram.com/capitol_city_comics,Open
Captains Comics Toys and Games,6551 S Main St,Ashtabula,OH,44004,USA,Midwest,440-661-0443,,captainscomics.com,Open
Chautauqua Comics,214 Fairmount Ave,Jamestown,NY,14701,USA,Northeast,716-664-2287,info@chautauquacomics.com,chautauquacomics.com,Open
Clairemont Comics,2215 Fairfax St,Eau Claire,WI,54701,USA,Midwest,715-831-2112,charsh@clairemontcomics.com,clairemontcomics.com,Open
Cleveland Comics,5120 Mayfield Road,Lyndhurst,OH,44124,USA,Midwest,440-442-1986,,cleveland-comics.com,Open
Clints Books Comics & Games,3941 Main St,Kansas City,MO,64111,USA,Midwest,816-561-2848,clintsbooks@gmail.com,clintscomics.net,Open
Close Encounters Comics,1861 Hooper Ave,Toms River,NJ,8753,USA,Northeast,732-503-4672,,,Open
Collectors Choice,54 Main Street,Brockport,NY,14420,USA,Northeast,585-637-8556,collectors_choice@hotmail.com,facebook.com/CollectorsChoiceBrockport,Open
Collectors Corner,7911 Harford Rd,Parkville,MD,21234,USA,Northeast,410-668-3353,collectorscornermd@comcast.net,collectorscornermd.com,Open
Collectors Den,4020 Rhea Rd Ste 4E,Wichita Falls,TX,76308,USA,Southwest,940-386-9404,collectorsdenz@yahoo.com,collectors-den.com,Open
Collectors Edge Comics North,7826 W Burleigh St,Milwaukee,WI,53222,USA,Midwest,414-445-5055,shop@CollectorsEdgeComics.com,collectorsedgecomics.com,Open
Collectors Ink,2593 CA-32,Chico,CA,95973,USA,West,530-345-0958,collectorsink@ymail.com,collectorsink.com,Open
Collectors Inn,3107 Delaware Avenue,Kenmore,NY,14217,USA,Northeast,716-873-8633,collectorsinn@gmail.com,collectorsinn.com,Open
Comic Book Hideout,215 W Commonwealth Ave,Fullerton,CA,92832,USA,West,657-217-0624,cbhideout@gmail.com,comicbookhideout.com,Open
Comic Book Palace,620 Primrose St #3,Haverhill,MA,1830,USA,Northeast,978-372-1477,cbpalace@aol.com,comicbookpalace.com,Open
Comic Books 101,101 N Franklin St,Titusville,PA,16354,USA,Northeast,814-657-6372,comics101@zoominternet.net,,Open
Comic Cards Etc,1063C San Pablo Ave,Pinole,CA,94564,USA,West,510-724-7587,sales@wizcatcol.com,comiccardsetc.com,Open
Comic Cubicle,4809 Courthouse St STE 2,Williamsburg,VA,23188,USA,Southeast,757-229-5299,cmccubicle@aol.com,,Open
Comic Cult,1047 W Carson St,Torrance,CA,90502,USA,West,310-328-5830,comicculttorrance@gmail.com,comiccult.com,Open
Comic Empire of Tulsa,3122 S Mingo Rd,Tulsa,OK,74146,USA,Southwest,918-664-5808,comicempireoftulsa@gmail.com,thecomicempire.com,Open
Comic Explosion,214 E Nepessing St,Lapeer,MI,48446,USA,Midwest,810-667-3972,comic.explosion@gmail.com,facebook.com/pages/comic-explosion/111515155570973,Open
Comic Haven LLC,705 North Church Street,Watertown,WI,53098,USA,Midwest,(920) 262-0880,,instagram.com/comicheaven.llc,Open
Comic Kingdom,595 E Moana Ln,Reno,NV,89502,USA,West,(775) 823-9074,comickingdomreno@gmail.com,facebook.com/renocomickingdom,Open
Comic Quest,23811 Bridger Rd Ste 111,Lake Forest,CA,92630,USA,West,(949) 951-9668,comicquestdon@aol.com,comicquest.org,Open
Comic World,1204 4th Avenue,Huntington,WV,25701,USA,Southeast,(304) 522-3923,,facebook.com/ComicWorld,Open
Comic World,122 E Gannon Ave,Zebulon,NC,27597,USA,South,(919) 404-8011,comicworldzebulon@gmail.com,comicworldzebulon.com,Open
Comic Zen,301 W Main St Apt A,Lansdale,PA,19446,USA,Northeast,(267) 263-4219,comiczenpa@gmail.com,comiczenpa.com,Open
Comics & Stuff,2304 W Gray St,Tampa,FL,33609,USA,South,(813) 405-4797,cardstash@gmail.com,comicstuffonline.com,Open
Comics Are Go,5188 Detroit Rd,Sheffield Village,OH,44035,USA,Midwest,(440) 695-8401,comicsarego@gmail.com,comicsarego.com,Open
Comics Cards and Collectibles,170 Elm Plaza,Waterville,ME,4901,USA,Northeast,(207) 716-1342,,comics-cards-collectibles.myshopify.com,Open
Comics Place,105 E Holly St,Bellingham,WA,98225,USA,West,360-733-2224,info@thecomicsplace.com,thecomicsplace.com,Open
Comics Toons N Toys,13542 Newport Ave,Tustin,CA,92780,USA,West,(714) 730-2117,,webuycomics.squarespace.com,Open
Comics Universe,1869 Highway 45 Bypass,Jackson,TN,38305,USA,Southeast,(731) 664-9131,,facebook.com/ComicsUniverse,Open
Comics Vs Toys,1613 Colorado Blvd,Los Angeles,CA,90041,USA,West,323-258-2300,comicsvstoys@gmail.com,comicsvstoys.com,Open
Comics World,1002 Graham Ave,Windber,PA,15963,USA,Northeast,(814) 467-4116,pcomicon@gmail.com,facebook.com/ComicsWorldPa,Open
Comics and Cool Stuff,300 E High St,Carlisle,PA,17013,USA,Northeast,(717) 210-1192,comicsandcoolstuff@gmail.com,ebay.com/str/funkojoe,Open
Comics-N-Stuff,2525 El Camino Real Suite 260,Carlsbad,CA,92008,USA,West,760-729-2975,,comics-n-stuff.com,Open
Comics-N-Stuff,555 Broadway Ste 214,Chula Vista,CA,91910,USA,West,619-426-2637,,comics-n-stuff.com,Open
Comix Revolution Evanston,606 Davis Street,Evanston,IL,60201,USA,Midwest,(847) 866-8659,comixrev@gmail.com,online-revolution.com,Open
Comix Revolution Mount Prospect,115 W Central Road,Mount Prospect,IL,60056,USA,Midwest,847-506-0800,comixrev1@yahoo.com,online-revolution.com,Open
Comix Revolution,115 W Central Rd,Mt Prospect,IL,60056,USA,Midwest,847-506-0800,comixrev1@yahoo.com,online-revolution.com,Open
Corning Comics & Collectibles,106 Bridge St,Corning,NY,14830,USA,Northeast,607-973-2620,josh@corningcomics.com,corningcomics.com,Open
Cosmic Comics And Toys,28400 Five Mile Rd,Livonia,MI,48154,USA,Midwest,586-420-0834,cosmiccomicsandtoys76@gmail.com,facebook.com/cosmiccomicsandtoys,Open
Cosmic Comix,230 Palm Ave,Auburn,CA,95603,USA,West,530-887-1147,Cosmiccomix@yahoo.com,facebook.com/cosmiccomix,Open
Cosmic Slop Comics-Video,5 E 16th St,Antioch,CA,94509,USA,West,925-754-8740,,facebook.com/cosmicslopcomics,Open
Crazy Eds Comics,1995 NE 147th St,North Miami,FL,33181,USA,Southeast,(305) 947-6776,crazyed@crazyedscomics.com,crazyedscomics.com,Open
Darkstone Comics,69 Brookside Ave Ste 208,Chester,NY,10918,USA,Northeast,(845) 614-5178,admin@darkstonecomics.com,darkstonecomics.com,Open
Daves Comics & Collectibles,1723 Columbus St,Bakersfield,CA,93305,USA,West,(661) 374-4099,,instagram.com/daves_comics_,Open
Davincis Dreamworks,835 17th St #102,Vero Beach,FL,32960,USA,Southeast,(772) 770-3807,,facebook.com/davincisdreamworks,Open
Diggers Comics and Collectibles,114 E Florida Ave,Hemet,CA,92543,USA,West,(951) 484-8248,digger@diggerscomics.com,diggerscomics.com,Open
Dimensions Comics Music & More,1908 Hialeah Dr Ste B,Seabrook,TX,77586,USA,Southwest,(281) 942-3171,dimensionscomics@gmail.com,dimensions-comics.com,Open
Discount Hobby,5700 Beckley Road Ste E20c,Battle Creek,MI,49015,USA,Midwest,(269) 979-2262,,discounthobby.com,Open
Dizzy Dugout Cards & Comics,121 E Main Street,Collinsville,IL,62234,USA,Midwest,(618) 345-6453,facebook@dizzydugout.com,dizzydugout.com,Open
Dork Forest Comics,14 E Main St,Clifton Springs,NY,14432,USA,Northeast,(315) 462-6011,dorkforestcomics@yahoo.com,facebook.com/dorkforestcomics,Open
Downtown Comics,8925 S Meridian St,Indianapolis,IN,46217,USA,Midwest,(317) 885-6395,north@downtowncomics.com,downtowncomics.com,Open
Dr Volts Comic Connection,79 S Rio Grande St,Salt Lake City,UT,84101,USA,West,(801) 485-6114,drvolts@gmail.com,drvolts.com,Open
Dragons Keep,260 N University Ave,Provo,UT,84601,USA,West,(801) 373-3482,thedragonskeep@gmail.com,dragonskeep.com,Open
Dragons Lair Comics & Fantasy,2438 W Anderson Ln Ste B1,Austin,TX,78757,USA,Southwest,512-454-2399,info@dlair.net,dlair.net,Open
Dream-Land Comics,4626 Broadway,Depew,NY,14043,USA,Northeast,716-901-5484,bloseller1975@roadrunner.com,https://www.facebook.com/profile.php?id=100064713755193&locale=en_GB#,Open
Dreamwell Comics,4250 Cochise St,Carson City,NV,89703,USA,West,775-887-1255,dreamwell@att.net,facebook.com/pages/Dreamwell-Comics/115450145144081,Open
Earth Prime Comics,154 Church St,Burlington,VT,5401,USA,Northeast,802-860-0581,,instagram.com/earthprimevt,Open
Earth-2 Comics & Collectibles,15017 Ventura Blvd,Sherman Oaks,CA,91403,USA,West,818-386-9590,earth2comics@gmail.com,earth2comics.com,Open
Eds Cards & Comics,5857 Palmer Park Blvd,Colorado Springs,CO,80915,USA,West,719-596-9128,,,Open
Empire Comics,1069 Abbott Rd,Buffalo,NY,14220,USA,Northeast,716-382-8459,empirecomicssouthbuffalo@outlook.com,empirecomicssouthbuffalo.com,Open
Empires Comics Vault,2357 Arden Way,Sacramento,CA,95825,USA,West,916-924-0775,empirescv@hotmail.com,empirescv.com,Open
Endgame Comics and Collectibles,294 E Main St Ste A,Ventura,CA,93001,USA,West,805-628-9006,,,Open
Exile Comics,2688 Third Ave,Bronx,NY,10454,USA,Northeast,917-471-9474,,instagram.com/exilecomicsny,Open
Expired Robot,1477 NJ-23 Unit 4,Butler,NJ,7405,USA,Northeast,973-750-1377,,expiredrobot.com,Open
Fan-Quest Comics and Games,850 W 32nd St #1,Yuma,AZ,85364,USA,West,928-726-0247,honeygurl9@yahoo.com,facebook.com/groups/139025569500754,Open
Fantasy Books & Games,2247 First St,Livermore,CA,94550,USA,West,925-449-5233,fantasybooksandgames@gmail.com,fantasybooksandgames.com,Open
Fantasy Books,1113 E Main St,Belleville,IL,62220,USA,Midwest,618-235-0844,info@fantasybooksinc.com,fantasybooksinc.com,Open
Fourth World Comics,33 Route 111,Smithtown,NY,11787,USA,Northeast,631-366-4440,,fourthworldcomics.com,Open
Friendly Franks Comic Cavern,6320 NW Barry Rd,Kansas City,MO,64154,USA,Midwest,816-746-4569,,bbopcomics.com,Open
Funky Town Toys - Comics & Collectibles,45249 Van Dyke Ave,Utica,MI,48317,USA,Midwest,586-843-3684,funkytowntoys@gmail.com,facebook.com/FunkyTownToys,Open
Funny Business Comic Shop,896 N Garey Ave,Pomona,CA,91767,USA,West,909-868-1974,samanieg@verizon.net,fbcomicshop.com,Open
Galaxy Collectibles,431 5th Ave,Brooklyn,NY,11215,USA,Northeast,718-499-3222,galaxycomicsparkslope@aol.com,enterthegalaxy.com,Open
"Adventure, Ink",108 E Main St,Milan,MI,48160,USA,Midwest,(734) 545-8899,adventureinkcomics@gmail.com,adventureink.xyz,Open
"Books, Comics & Things",5808 W Jefferson Blvd,Fort Wayne,IN,46804,USA,Midwest,(260) 755-2425,bct@bctcomics.com,bctcomics.com,Open
"CardWizards Cards, Comics & More",5605 W 7th St,Texarkana,TX,75501,USA,Southwest,(903) 490-3802,cardwizardstxk@gmail.com,thecardwizards.com,Open
"Dimensions Comics, Music & More",323 W Main St,La Porte,TX,77571,USA,Southwest,(281) 942-3171,dimensionscomics@gmail.com,dimensions-comics.com,Open
"Fistful of Cards Toys, Games & Comics",901 S China Lake Blvd Ste 300,Ridgecrest,CA,93555,USA,West,(442) 966-9891,fistfulofcardsrc@gmail.com,fistfulofcardstoysgames.com,Open
"Game Over Comics, Cards, And Collectibles",911 B S Main St,Burlington,NC,27215,USA,Southeast,(336) 270-0538,gameoverccc@gmail.com,gameovercomics.net,Open
"Mr K's Used Books, Music and More",4 Mark Twain Ct,Johnson City,TN,37604,USA,Southeast,(423) 610-1088,,mrksusedbooks.com,Open
"Rainbow Comics, Cards & Collectibles",6891 A St Ste 104,Lincoln,NE,68510,USA,Midwest,(402) 975-8332,taylorfromrainbow@gmail.com,rainbowcomicsandcards.com,Open
"Raven's Comics, Collectibles & Books",2016 E Southport Rd #1,Indianapolis,IN,46227,USA,Midwest,(317) 787-8288,,,Open
"Retro 2 New Games, Comics, and Cards",2403 Hwy 71 S Ste B,Marianna,FL,32448,USA,Southeast,(850) 693-1221,retro2newgames007@gmail.com,,Open
"SCG Hobby, Latrobe",1025 Latrobe 30 Plaza Suite 129,Latrobe,PA,15650,USA,Northeast,(724) 879-4648,latrobe@scghobby.com,scghobby.com,Open
"The Cave Cards, Comics & Collectibles",6625 Superior Ave,Sarasota,FL,34231,USA,Southeast,(941) 284-5952,,thecaveccc.com,Open
"The Comic Book Shop, Spokane Valley",11510 E Sprague Ave,Spokane Valley,WA,99206,USA,West,(509) 703-7600,comicbookshopvalley@gmail.com,thecomicbookshop.net,Open
"The Daycare Kids? Comics, Toys and Antiques",704 Ingram Blvd,West Memphis,AR,72301,USA,Southeast,(870) 733-4059,thedaycarekids@gmail.com,facebook.com/Mr.RobertsDaycareKids,Open
"The Deep Comics, Games & Toys",2205 Mock Road SW,Huntsville,AL,35801,USA,Southeast,(256) 532-1292,edward@deepcomics.com,deepcomics.com,Open
"The Grumpy Old Man's Comics, Art & Collectibles",1737 NW 56th St Suite 102,Seattle,WA,98107,USA,West,(206) 257-0557,grumpyoldmanscomicsart@gmail.com,grumpyoldmanscomicsartcollectibles.com,Open
"The Multiverse Comics, Games, & Collectibles",931 Melbourne Rd,Hurst,TX,76053,USA,Southwest,(817) 616-3052,staff@multiverse.shop,multiverse.shop,Open
"Why So Serious Comics, Cards, & Collectibles",324 S Duke St,La Fayette,GA,30728,USA,Southeast,(706) 639-0685,seriouscomics324@gmail.com,,Open
1 Stop Card Shop and Games,17777 Lower Boones Ferry Rd Suite C,Lake Oswego,OR,97035,USA,West,(503) 305-7620,info@1StopCardShopAndGames.com,1stopcardshopandgames.com,Open
1.21 Gigawatts Comics Toys and Nostalgia,601 N Main St,Borger,TX,79007,USA,Southwest,(407) 927-8606,gigawattscomicsntoys@gmail.com,https://www.facebook.com/1.21Gigawattscomics/,Unknown
181 Comics and Collectables,8907 Benbrook Blvd Suite A,Fort Worth,TX,76126,USA,Southwest,(817) 439-9767,181comicsllc@gmail.com,linktr.ee/181comics,Open
217 Comics Cards & Games,1820 Adlai Stevenson Dr,Springfield,IL,62703,USA,Midwest,(217) 572-0791,,217comics.com,Open
26/40 Comics,1068 Highlands Dr,Erie,CO,80516,USA,West,(912) 596-3365,,instagram.com/2640_comics,Open
3 C's Hobby & Model,12755 County Road 35,Sterling,CO,80751,USA,West,(970) 522-1089,,3-cs-hobbies.business.site,Open
3 Keys Comics,595 W Exchange St,Crete,IL,60417,USA,Midwest,(708) 279-7643,wesellcomixx@gmail.com,3keyscomics.com,Open
3rd Coast Comics,3828 S Texas Ave,Bryan,TX,77802,USA,Southwest,(979) 492-2013,terry@thirdcoastcomics.com,3rdcoastcomicshop.square.site,Open
4th Wall Comics,1224 Millersville Pike,Lancaster,PA,17603,USA,Northeast,(717) 208-3524,4thwallcomicslancaster@gmail.com,4thwallcomicslancaster.com,Open
808 Collectibles,945 Kamehameha Hwy #10,Pearl City,HI,96782,USA,West,(808) 230-5980,,,Open
901 Comics East,8551 Macon Rd,Cordova,TN,38018,USA,Southeast,(901) 249-7959,901comicseast@gmail.com,901comics.com,Open
A AND A Comics,970 N French Rd,Buffalo,NY,14228,USA,Northeast,(716) 553-7678,,ebay.com/str/aandacomics,Unknown
A New Chapter,109 E Wood St,Paris,TN,38242,USA,Southeast,(731) 363-0571,anewchapterparis@gmail.com,,Unknown
A to Z Comics,1300 SW US Highway 40,Blue Springs,MO,64015,USA,Midwest,(816) 224-0505,,atozcomics.com,Open
A walk in time,1626 6th Ave,Charleston,WV,25387,USA,Southeast,(304) 220-0476,awalkintime2020@gmail.com,awalkintime.com,Open
A&A Comic Book Store,421 N Pennsylvania Ave,Lansing,MI,48912,USA,Midwest,(517) 303-3445,rubengarciaaacbs@gmail.com,aacomicbookstore.com,Open
A+ Comics & Collectibles II,115 N Locust Hill Dr,Lexington,KY,40509,USA,Southeast,(859) 269-6633,staff2@apluscomics.com,apluscomics.com,Open
AA Comics and Cards,610 Cumberland St,Lebanon,PA,17042,USA,Northeast,(717) 644-9345,contact@aacomicsandcards.com,aacomicsandcards.com,Open
Acme Comics Downtown,335 S Davie St,Greensboro,NC,27401,USA,Southeast,(336) 663-7041,shopacme@acmecomics.com,acmecomics.com,Open
Adam's Action Figures & Comics,4039 State Route 14,Rootstown,OH,44272,USA,Midwest,(330) 518-7324,adamsabol7@netzero.net,adamsactionfiguresandcomics.com,Open
Adventures in Ink,15201 Ronald Reagan Blvd Suite 210,Leander,TX,78641,USA,Southwest,(512) 671-0392,eliroberts@aiicomics.com,aiicomics.com,Open
Air Capital Comics,2611 E Harry St,Wichita,KS,67211,USA,Midwest,(316) 630-8060,contact@aircapitalcomics.com,aircapitalcomics.com,Open
Alchemist's Cove Games & Comics,25 W Main St Suite 4,Schuylkill Haven,PA,17972,USA,Northeast,(570) 593-8187,alchemistscove@gmail.com,alchemistscove.com,Open
Alien Entertainment Store,702 S Main St,Lombard,IL,60148,USA,Midwest,(630) 519-3415,cs@alienentertainmentstore.com,alienentertainment.com,Open
Jack's Comics & More,1395 US-1 Ste C,St. Augustine,FL,32084,USA,Southeast,(904) 829-0944,allbookscomics@gmail.com,jackscomicsandmore.com,Open
All C's Collectibles,2510 E Arapahoe Rd,Centennial,CO,80122,USA,West,(303) 770-0042,allcs@comcast.net,allcscollectibles.com,Open
All Star Books and Collectibles,29207 Gratiot Ave,Roseville,MI,48066,USA,Midwest,(313) 348-0515,,,Open
All Star Cards,3800 W Saginaw Hwy Ste 4,Lansing,MI,48917,USA,Midwest,(517) 977-0109,allstarny3800@yahoo.com,facebook.com/p/All-Star-Cards-100058870164029,Open
All Star Comics,3520 FM 365,Nederland,TX,77627,USA,Southwest,(409) 724-6077,allstar.comics@gmail.com,allstarcomicsonline.com,Open
Alpha Comics and Games,1601 Willow Lawn Dr Suite 300-B,Richmond,VA,23230,USA,Southeast,(804) 282-5532,alex@alphacomics.com,alphacomics.com,Open
Alpha Quadrant Games,3353 East State Road 60,Valrico,FL,33594,USA,Southeast,(813) 786-5605,alphaquadrant13@gmail.com,alphaquadrantgames.com,Open
Alter Ego Comics & Games,2828 N Main St,Baytown,TX,77521,USA,Southwest,(281) 839-7127,alteregoccg@gmail.com,alteregocng.com,Open
Alternate Dimension Toys,126 S State St Ste 101,Newtown,PA,18940,USA,Northeast,(215) 944-8595,alternatedimensiontoys@gmail.com,instagram.com/alternatedimensiontoys,Open
Amaya Bros Comics,357 Cambridge St,Cambridge,MA,2141,USA,Northeast,(617) 714-4108,info@amayabroscomics.com,amayabroscomics.com,Open
Amazing Action Comics,1715 N Portland Ave,Oklahoma City,OK,73107,USA,Southwest,(405) 708-3828,,,Open
Amazing Imaginarium,1113 Howard St,Omaha,NE,68102,USA,Midwest,(402) 594-7061,imaginariumomaha@gmail.com,amazingimaginarium.com,Open
America's Heroes Comics & Games,3401 W Stan Schlueter Loop Ste 8,Killeen,TX,76549,USA,Southwest,(254) 501-8556,,americasheroescomicskilleen.com,Open
AnZ Comics,12525 Fondren Rd Suite N,Houston,TX,77035,USA,Southwest,(409) 292-9552,info@anzcomics.com,anzcomics.com,Open
Anastasia's Collectibles,805 S Harbor Blvd,Fullerton,CA,92832,USA,West,(714) 784-6892,anastasiascollectibles@hotmail.com,acdisney.square.site,Open
Andyseous Odyssey,2910 S Beckley Ave Suite 175,Dallas,TX,75224,USA,Southwest,(469) 493-7156,info@andyseous-odyssey.com,andyseous-odyssey.com,Open
Angelo's Comics,181 Balboa St,San Marcos,CA,92069,USA,West,(619) 727-0414,comicsbyangelo@gmail.com,ebay.com/str/angeloscomicbooksandmore,Open
Angry Comics,1330 Bragg Blvd,Fayetteville,NC,28301,USA,Southeast,(910) 920-0389,angrycomics@me.com,angrycomics.com,Open
Animazed,8613 Glenwood Ave Suite 101,Raleigh,NC,27617,USA,Southeast,(919) 836-6015,animazedstore@gmail.com,animazedstore.com,Open
Anime Pavilion,7700 Backlick Rd Suite C,Springfield,VA,22150,USA,Southeast,(703) 534-1544,manager@animepavilion.com,animepavilion.com,Open
Another Comic Shop,1341 E Kearney St Ste 100,Springfield,MO,65803,USA,Midwest,(417) 812-9483,jeff@anothercomicshop.biz,anothercomicshop.com,Open
Another Planet Comics & Other Stuff,530 SW 11th St,Lawton,OK,73501,USA,Southwest,(580) 919-8564,anotherplanetcomics65@gmail.com,ebay.com/str/anotherplanetcomics,Open
Apotheosis Comics & Lounge,3206 S Grand Blvd,Saint Louis,MO,63118,USA,Midwest,(314) 802-7090,astlcomics@gmail.com,shopapotheosis.com,Open
Arkham Asylum Comics,2550 S Nova Rd Unit 8,South Daytona,FL,32119,USA,Southeast,(386) 310-4540,arkham.comics.2023@gmail.com,arkhamasylumcomics.com,Open
Arkham Gift Shoppe Comics,4091 William Flynn Hwy #500,Allison Park,PA,15101,USA,Northeast,(412) 486-3140,arkhamgiftshoppe@gmail.com,arkhamgiftshoppe.com,Open
Asylum Comics,5360 N Mesa St Ste L12,El Paso,TX,79912,USA,Southwest,(915) 875-8600,asylumcomics1@gmail.com,facebook.com/asylumcomicsandcards,Open
B.L.R. Comics,171 East Huron Avenue,Bad Axe,MI,48413,USA,Midwest,(989) 975-2834,b.l.r.comics@gmail.com,facebook.com/profile.php?id=61563181840561,Open
BAMF Comics,101 Carolina Ave,Crewe,VA,23930,USA,Southeast,(434) 538-0055,,bamf-comics.mybigcommerce.com,Open
Baby Gorilla Comics and Collectibles,424 W Lincoln Hwy Suite 203,Penndel,PA,19047,USA,Northeast,(267) 461-1335,,babygorillacomics.com,Open
Back To the Past Comics,20770 Parker St,Farmington Hills,MI,48336,USA,Midwest,(313) 533-3130,frontcounter@gobacktothepast.com,gobacktothepast.com,Moved
Bad Dog Comics,405 W Main St,Albemarle,NC,28001,USA,Southeast,(704) 982-4708,emyers@baddogcomics.com,instagram.com/baddogcomics,Open
BamPowComics & Collectibles,8228 Mayfield Rd Suite 2B,Chesterland,OH,44026,USA,Midwest,(440) 999-0106,,bampowcomics.org,Open
Bankston's Comics and Collectibles,1321 S Valley Mills Dr,Waco,TX,76711,USA,Southwest,(254) 755-0070,Info@bankstons.com,bankstons.com,Open
Barbarian Comics,11242 Triangle Ln,Wheaton,MD,20902,USA,Northeast,(301) 946-4184,info@barbariancomics.com,barbariancomics.com,Open
Bartertown Collectibles,2235 Empire Blvd Ste 3,Webster,NY,14580,USA,Northeast,(585) 201-9084,bartertowncollectibles@yahoo.com,facebook.com/bartertown.collectibles,Open
Basement Bar Collectibles,1116 Main St Suite A,Benton,KY,42025,USA,Southeast,(270) 387-0122,basementbarcollectibles@gmail.com,basementbarcollectibles.com,Open
Batcave Treasures and Toys,7535 US-64,Bartlett,TN,38133,USA,Southeast,(815) 514-6104,,batcavetreasuresandtoys.com,Open
BearCave CCG,8820 Reseda Blvd,Northridge,CA,91324,USA,West,661-425-4810,,bearcaveccg.com,Open
Bearded Comics & Collectibles,101 E Main St,Crawfordsville,IN,47933,USA,Midwest,206-302-8851,Beardedcandc@gmail.com,facebook.com/beardedcandc,Open
Beardy Weirdy's Comics,325 McGill Ave NW,Concord,NC,28027,USA,Southeast,704-242-1119,beardyweirdyscomicsandtoys@gmail.com,facebook.com/beardyweirdyscomics,Open
Bedrock City Comic Co,4831 Hwy 6,Missouri City,TX,77459,USA,Southwest,832-987-1994,bedrock6@bedrockcity.com,bedrockcity.com,Open
Bedrock City Comic Co.,1266 N Fry Rd,Houston,TX,77084,USA,Southwest,713-628-8684,bedrock7@bedrockcity.com,bedrockcity.com,Open
Bedrock City Comic Company,102 W Bay Area Blvd,Webster,TX,77598,USA,Southwest,281-557-2748,bedrock4@bedrockcity.com,bedrockcity.com,Open
Bedrock City Comic Company,6516 Westheimer Rd Ste D,Houston,TX,77057,USA,Southwest,713-780-0675,bedrock@bedrockcity.com,bedrockcity.com,Open
Bender's Books & Cards,22 S Mallory St,Hampton,VA,23663,USA,Southeast,757-723-3741,,facebook.com/benders,Open
Bennie's Comic Books & Sports Cards,462 N Sharpsville Ave,Sharon,PA,16146,USA,Northeast,724-347-3390,crah@infonline.net,bennies-comic-book-sports.business.site,Open
Bent Wookee Comix,127 Fairfield Ave,Johnstown,PA,15906,USA,Northeast,814-539-0085,bwilt@hotmail.com,facebook.com/BENTWOOKEECOMIX,Open
Berzerk Comics,6823 S US Hwy 1,Port Saint Lucie,FL,34952,USA,Southeast,772-530-3079,berzerkcomics@outlook.com,berzerkcomics.com,Open
Beyond Tomorrow Comics,327 N Northwest Hwy,Palatine,IL,60067,USA,Midwest,847-705-6633,beyondtomorrowcomics@gmail.com,linktr.ee/beyondtomorrowcomics,Open
Big Alpaca Comics,5885 Babcock Rd,San Antonio,TX,78240,USA,Southwest,726-300-2833,info@bigalpacacomics.com,bigalpacacomics.com,Open
Big Apple Comics & Collectibles,4561 S Western St,Amarillo,TX,79109,USA,Southwest,806-353-3078,george.cortinez@gmail.com,bigapplecomics.com,Open
Big Bang Comics and Collectibles,437 Broad St,Sewickley,PA,15143,USA,Northeast,412-259-8742,bigbangcomicsandcollectibles@gmail.com,bigbangcomicsandcollectibles.com,Open
Comic World,1265 S Cotner Blvd #18,Lincoln,NE,68510,USA,Midwest,(402) 466-6066,m.brunton3@ntlworld.com,comicworldnebraska.com,Moved
East Bay Comics,116 Union St,Providence,RI,2903,USA,Northeast,401-310-0505,ebcomix@gmail.com,ebcomix.com,Moved
Fisk Comics,16254 Whittier Blvd,Whittier,CA,90603,USA,West,562-693-1309,,instagram.com/fiskcomics,Moved
Collect Co.,101 Short St,Lebanon,TN,37087,USA,Southeast,(615) 466-7066,contact@shopcollectco.com,shopcollectco.com,Open
Collected Comics & Games,2823 Alta Mere Dr,Fort Worth,TX,76116,USA,Southwest,(817) 945-1722,collectedftw@staycollected.com,collectedcomics.com,Open
Collected Comics & Games,5684 Denton Hwy,Haltom City,TX,76148,USA,Southwest,(817) 576-3656,collectedkeller@staycollected.com,collectedcomics.com,Open
Collectibles Unlimited,25 South St,Concord,NH,3301,USA,Northeast,(603) 228-3712,collectiblesunlimited@comcast.net,collectiblesunlimited.biz,Open
Collecting Problems,1682 Katy Ln,Fort Mill,SC,29708,USA,Southeast,(803) 833-2716,collectingproblems@gmail.com,collectingproblems.com,Open
Collectivity The Comic Shoppe,308 N Salisbury Ave,Granite Quarry,NC,28146,USA,Southeast,(704) 637-2578,collectivity@att.net,facebook.com/CollectivityTheComicShoppe,Open
Collector Cave,47 Cole Street Fl 1,Yonkers,NY,10710,USA,Northeast,(646) 822-6884,orders@collectorcave.shop,collectorcave.shop,Open
Collector Supreme,1500 Polaris Pkwy Ste 2008,Columbus,OH,43240,USA,Midwest,(614) 468-1265,collectorsupreme@hotmail.com,https://www.facebook.com/CollectorSupremeLLC/,Open
Collector's Cove,135 Jonesboro Rd,Piney Flats,TN,37686,USA,Southeast,(423) 538-8413,sales@collectorscove.net,collectorscove.net,Open
Collector's Den,205 S East St Ste 101,Culpeper,VA,22701,USA,Southeast,(540) 407-2860,contactus@collectors-den.com,collectors-den.com,Open
Collector's Den,4020 Rhea Rd Ste 4E,Wichita Falls,TX,76308,USA,Southwest,(940) 386-9404,collectorsdenz@yahoo.com,collectorsdenwf.com,Open
Collector's Edge Comics,7826 W Burleigh St,Milwaukee,WI,53222,USA,Midwest,(414) 445-5055,shop@CollectorsEdgeComics.com,collectorsedgecomics.com,Open
Collector's Lair,5327-B Williamson Rd,Roanoke,VA,24012,USA,Southeast,(540) 265-2625,collair3@aol.com,https://www.facebook.com/CollectorsLairRoanoke/,Open
Collectors Asylum,20549 W Main St,Lannon,WI,53046,USA,Midwest,(262) 422-4049,parbs4@gmail.com,collectors-asylum-collectibles-store.business.site,Open
Collectors Corner,17 N Main St,Bel Air,MD,21014,USA,Northeast,(410) 838-1777,collectorscornermd@comcast.net,collectorscornermd.com,Open
Chimp's Comix & Video Games,919 E Winona Ave,Warsaw,IN,46580,USA,Midwest,(574) 268-2274,questions@chimpscomix.com,chimpscomix.com,Open
Choice Comics,98-1268 Kaahumanu St Suite 104,Pearl City,HI,96782,USA,West,(808) 499-9478,,choice-comics.com,Open
Cjs Comics & Toys,3238 NE 12th Ave,Oakland Park,FL,33334,USA,Southeast,(954) 566-7227,cjscomics@gmail.com,cjcomics.wixsite.com/cjscomics,Open
Clan McDonald Comics,710 E Ogden Avenue Suite 600,Naperville,IL,60563,USA,Midwest,(630) 885-2170,info@clanmcdonaldcomics.com,clanmcdonaldcomics.com,Open
Clobberin' Comics,120 W Dixie Ave,Elizabethtown,KY,42701,USA,Southeast,(270) 234-0038,store@clobberincomics.com,clobberincomics.com,Open
Clockwork Comics,512 Boston Post Rd,Orange,CT,6477,USA,Northeast,(203) 795-8409,thorver@aol.com,clockworkcomicsandcards.com,Open
Cloud City Comics & Collectibles,12 Commerce St,Thomasville,NC,27360,USA,Southeast,(336) 420-7157,cloudcitycomicsnc@gmail.com,facebook.com/profile.php?id=100090667666713,Open
Cloud City Games,344 Stroud Mall Rd Suite 136,Stroudsburg,PA,18360,USA,Northeast,(272) 200-3009,stroud@cloudcitygames.com,cloudcitygames.com,Open
Cloud City Games,257 Lehigh Valley Mall,Whitehall Township,PA,18052,USA,Northeast,(610) 351-2491,lvm@cloudcitygames.com,cloudcitygames.com,Open
Coach P's Universe,112 Eisenhower Pkwy,Livingston,NJ,7039,USA,Northeast,(973) 994-0240,coachpsusales@gmail.com,coachpsuniverse.com,Open
Codex Comics & Collectibles,125 W High St,Ebensburg,PA,15931,USA,Northeast,(814) 472-2233,codexcomics@yahoo.com,codexcomicshop.com,Open
Excalibur Comics Cards & Games,2811 N State Line Ave,Texarkana,TX,75503,USA,Southwest,(903) 792-5767,excaliburmail@bellsouth.net,excaliburccg.com,Open
Excelsior Games and Comics,306 S Lafayette St,Greenville,MI,48838,USA,Midwest,(616) 225-3350,info@excelsiorgnc.com,excelsiorgnc.com,Open
Extraordinary Universal Comics,14665 W Lisbon Rd,Brookfield,WI,53005,USA,Midwest,(262) 202-8044,exu.catacomics@gmail.com,exucomics.com,Open
Eye Opener,15 Center Ct,Newington,CT,6111,USA,Northeast,(860) 666-5862,eyeopenercomics@gmail.com,theeyeopener.tripod.com,Open
Fallout Comics,7617 NE Martin Luther King Jr Blvd,Portland,OR,97211,USA,West,(503) 784-2136,george.romero186@gmail.com,facebook.com/FalloutComicsPortland,Open
FYC Comics,118 N Michigan St,Plymouth,IN,46563,USA,Midwest,(574) 933-1470,fyc_comics@yahoo.com,fyccomics.com,Open
Fallout Comics,1482 Apalachee Pkwy,Tallahassee,FL,32301,USA,Southeast,(850) 765-6654,,falloutcomics.com,Open
Fama's Comics,406 2nd St,Beckley,WV,25801,USA,Southeast,(304) 253-1974,gfamacomics@gmail.com,theroguetrader.net,Open
Family Cards and Games,7962 W Sample Rd,Margate,FL,33063,USA,Southeast,(954) 400-8448,familycag@gmail.com,familycag.com,Open
Fan2Fan,6588 Caroline St,Milton,FL,32570,USA,Southeast,(850) 220-3599,,fan2fancollectibles.com,Open
Fanboy Collectibles & Comics,2390 Ingleside Ave,Macon,GA,31204,USA,Southeast,(478) 238-4128,fanboycollectiblescomics@gmail.com,fanboycollectiblescomics.com,Open
Fantastic Comics,1708A Martin Luther King Jr Way,Berkeley,CA,94709,USA,West,(510) 982-1451,contact@fantasticcomics.net,fantasticcomics.net,Open
Gotham Comics,15 E Main St Ste B-1,Westminster,MD,21157,USA,Southeast,(410) 848-7447,gothamcomics2003@gmail.com,gotham-comics.com,Open
Grade City Comics,6333 212th St SW,Lynnwood,WA,98036,USA,West,(425) 971-3874,gradecitycomicsllc@hotmail.com,gradecitycomics.com,Open
Grand Adventures: Comics & Games,1013 Memorial Blvd,Murfreesboro,TN,37129,USA,Southeast,(615) 867-0838,info@grandadventurescomics.com,grandadventurescomics.com,Open
Grand Cities Games,120 N Washington St,Grand Forks,ND,58203,USA,Midwest,(701) 775-8602,grandcitiesgames@yahoo.com,grandcitiesgames.com,Open
Grand Slam Sports Cards & Comics,1730 W Eisenhower Blvd,Loveland,CO,80537,USA,West,(970) 667-8713,kakitakeen@gmail.com,facebook.com/grandslamcomics,Open
Grapevine Comics & Cards,9299 Thornton Rd Ste 4,Stockton,CA,95209,USA,West,(209) 952-9303,,facebook.com/GrapevineComicsCards,Open
Gray Ghost Comics,301 E 3rd St,Tifton,GA,31794,USA,Southeast,(229) 402-3724,grayghostcomics@gmail.com,https://www.facebook.com/grayghostcomics/,Open
Graydog Comics and Toys,12660 Chillicothe Rd,Chesterland,OH,44026,USA,Midwest,(216) 440-6031,graydogcomics@gmail.com,facebook.com/graydogcomics,Open
HBS Comics and Collectibles,1411 Mark Allen Ln Ste F,Murfreesboro,TN,37129,USA,Southeast,(931) 842-5418,thehappybookstack@gmail.com,thehappybookstack.com,Open
HELA Comics,1041 S Olive St Suite 2,Los Angeles,CA,90015,USA,West,(213) 284-8390,info@helacomics.com,helacomics.com,Open
HEROES & HOBBIES Beavertron's Comic Con,4150 SW Cedar Hills Blvd,Beaverton,OR,97005,USA,West,(503) 626-1440,,,Open
Halleys Comics & Games,1144 Oliver St,North Tonawanda,NY,14120,USA,Northeast,(716) 695-6138,comicat@roadrunner.com,facebook.com/HalleysComicsAndGames,Open
Halo 13,201 E Magnolia Blvd,Burbank,CA,91502,USA,West,(818) 842-8726,customerservice@halo13anime.com,halo13anime.com,Open
Happy Day Comics,3537 Orchard Dr,Hammond,IN,46323,USA,Midwest,(219) 937-7410,happydaycomics@gmail.com,happydaycomics.com,Open
Hartford Comics & Hobbies,915 W Main St,Eldorado,OK,73537,USA,Southwest,(580) 471-0098,hartford.comics@gmail.com,instagram.com/hartford_comics,Open
Harvey Doss Comics and Collectibles,237 Southwest Blvd,Rohnert Park,CA,94928,USA,West,(707) 665-5538,harvdoss@gmail.com,stores.ebay.com/harvdoss7075836400,Open
Have Fun Collectibles,4811 N Brady St 1C,Davenport,IA,52806,USA,Midwest,(309) 762-2474,hfc.customer@yahoo.com,havefuncollectibles.com,Open
Haven Comics Etc.,1871 Slaughter Rd Suite F,Madison,AL,35758,USA,Southeast,(256) 430-0505,havencomicsetc@gmail.com,havencomics.com,Open
Haven's Toys & Collectibles,213 S Main St,Del Rio,TX,78840,USA,Southwest,(830) 719-5430,havenmancha@yahoo.com,comicstorelist.com/comic-store/havens-toys-collectibles-del-rio-tx,Open
Hello Comics,398 Hillsdale Dr,Charlottesville,VA,22901,USA,Southeast,(434) 974-7512,sayhello@hellocomics.net,hellocomics.net,Open
Hero Clash Collectibles,217 9th St,North Wilkesboro,NC,28659,USA,Southeast,(336) 818-1880,,heroclashcollectibles.com,Open
Heroes 4 Sale,501 Helke Rd,Vandalia,OH,45377,USA,Midwest,(937) 898-2794,,facebook.com/Heroes-4-Sale-127486710617607,Open
Heroes Haven Comics & Games,296 E US Hwy 20,Michigan City,IN,46360,USA,Midwest,(219) 809-9191,pat@heroeshavenmc.com,heroeshavenmc.com,Open
Heroes Ink,520 Redwater Road,Wake Village,TX,75501,USA,Southwest,(430) 342-9645,heroesinkwv@gmail.com,facebook.com/heroesinkcomics,Open
Heroes Northridge,9301 Tampa Ave Ste 201A,Northridge,CA,91324,USA,West,(747) 237-6507,sales@heroesnorthridge.com,https://e885a7-3.myshopify.com/,Open
Heroes and Fantasies,13013 N. US-Hwy 281; suite 120 ,San Antonio,TX,78216,USA,Southwest,(210)-340-0074,adam@heroesandfantasies.com,heroesandfantasies.com,Open
Heroes and Games,400 N High St Ste 157,Columbus,OH,43215,USA,Midwest,(614) 228-8500,doug@heroesandgames.com,heroesandgames.com,Open
Heroes Comic Shop,1702 Mt Holly Rd,Burlington,NJ,8016,USA,Northeast,(609) 239-7519,newminn@comcast.net,facebook.com/heroescomicsandsports,Open
Hicollector,1001 Dillingham Blvd Ste 323,Honolulu,HI,96817,USA,West,(808) 888-2189,ceitliong@hicollector.com,hicollector.com,Open
High Ground Comics,182 Academy Ave,Providence,RI,2908,USA,Northeast,(401) 702-7277,highgroundcomics@gmail.com,highgroundcomics.com,Open
High Noon Comics,1821 NY-376,Poughkeepsie,NY,12603,USA,Northeast,(845) 769-4105,HighNoonComicz@gmail.com,highnooncomics.com,Open
Hobbies & Collectibles,406 Broad St A,Gadsden,AL,35901,USA,Southeast,(256) 543-2255,,hobbies-collectibles.edan.io,Open
Hobby Central,652 W Central Ave #28,Delaware,OH,43015,USA,Midwest,(740) 363-0381,hobbyc@frontier.com,hobbycentralohio.com,Open
Hobby Horse-Emmerlings,206 W Market St,Taylorville,IL,62568,USA,Midwest,(217) 824-9400,mstanley32@hotmail.com,217comics.com,Open
Hobbys Inc,56104 National Rd Ste 104,Bridgeport,OH,43912,USA,Midwest,(740) 635-4629,,,Open
Holeymoleys Comics & Collectibles,300 Pleasant St Unit B,Northampton,MA,1060,USA,Northeast,(413) 489-3726,holeymoleyscollectibles@gmail.com,holeymoleys.com,Open
Hollywood Movies and Games,709B E Lewis And Clark Pkwy,Clarksville,IN,47129,USA,Midwest,(812) 924-7136,hollywoodmoviesandgames@yahoo.com,,Open
Home Plate II Cards & Comics,507 W High St,Piqua,OH,45356,USA,Midwest,,homeplate2@gmail.com,,Open
Hometown Hobbies & Toys,322 4th St NE,Devils Lake,ND,58301,USA,Midwest,(701) 789-7580,hometownhobbies@hotmail.com,https://www.facebook.com/p/Hometown-Hobbies-and-Toys-61557073569294/,Open
Hot Comics & Collectibles,224 Broadway St S,Jordan,MN,55352,USA,Midwest,(952) 492-7870,hotcomicsdotcom@gmail.com,hotcomicsandcollectibles.com,Open
Bonnett's Book Store,502 E 5th St,Dayton,OH,45402,USA,Midwest,(937) 228-1222,bonnettsbookstore@gmail.com,bonnettsbookstore.blogspot.com,Open
Book Exchange & Comic Shop,807 Northlake Blvd,North Palm Beach,FL,33408,USA,Southeast,(561) 863-1555,Bookexchange2001@hotmail.com,facebook.com/The-Book-Exchange-Comic-Book-Shop-177335175647969,Open
Book Owl Bookstore,5772 Churchland Blvd,Portsmouth,VA,23703,USA,Southeast,(757) 638-7323,bookowl.velez@gmail.com,facebook.com/BookOwlBooks,Open
Book Stan,6055 Phelan Blvd,Beaumont,TX,77706,USA,Southwest,(409) 833-2324,,facebook.com/BookStan2,Open
Book Stan,204 N Fort Hood St Ste D,Killeen,TX,76541,USA,Southwest,(254) 628-1515,bookstantx@gmail.com,facebook.com/BookStan,Open
Books Comics & Things,2212 Maplecrest Rd,Fort Wayne,IN,46815,USA,Midwest,(260) 493-6116,bct@bctcomics.com,bctcomics.com,Open
Books With Pictures Eugene,296 E 5th St Ste 224,Eugene,OR,97401,USA,West,(541) 485-1048,bookswpictureseug@gmail.com,books-with-pictures-eugene.myshopify.com,Open
Books with Pictures,1401 SE Division St,Portland,OR,97202,USA,West,(503) 841-6276,bookswpictures@gmail.com,bookswithpictures.com,Open
Box Seat Cards & Collectibles,313 N Mattis Ave Ste 112,Champaign,IL,61821,USA,Midwest,(217) 281-8100,joe@boxseatcards.com,boxseatcards.com,Open
Impossible Dreams,523 Washington Ave,Bridgeville,PA,15017,USA,Northeast,(412) 221-3640,impdreamscomics@gmail.com,https://www.facebook.com/comicbookstuf/,Open
Infinite Heroes: Comics Cards and Collectibles,1098 Main St,Watertown,CT,6795,USA,Northeast,(860) 417-2559,paul@infiniteheroes.net,infiniteheroes.net,Open
Infinite Realities,5007 Lavista Rd,Tucker,GA,30084,USA,Southeast,(470) 359-5988,infiniterealitiescomics@gmail.com,infiniterealitiescomics.com,Open
Infinite Toys and Comics,4135 Dr Martin Luther King Jr Blvd Blue Aisle Booth 88-90,Fort Myers,FL,33916,USA,Southeast,(239) 245-8818,infinitetoysandcomics@gmail.com,infinitetoysandcomics.com,Open
Infinity Comics & Collectibles,108 Cotton St,West Monroe,LA,71291,USA,Southeast,(318) 582-5247,infinitycomicswm@yahoo.com,facebook.com/Infinity-Comics-West-Monroe-265766180745709,Open
Infinity Comics & More,4564 William Penn Highway,Murrysville,PA,15668,USA,Northeast,(724) 325-4914,,infinitycomicsandmore.com,Open
Intergalactic Imports,350 Del Monte Center,Monterey,CA,93940,USA,West,(831) 747-1221,,instagram.com/intergalacticimports,Open
Intergalactic Plastic,4419 S Florida Ave,Lakeland,FL,33813,USA,Southeast,(863) 213-4486,intergalacticplastictoys@gmail.com,intergalacticplastic.com,Open
Invincible Comics,3430 Tully Rd #24,Modesto,CA,95350,USA,West,(209) 409-8027,invinciblecomics@yahoo.com,invinciblecomicsmodesto.com,Open
Islander Comics and Cards,777 E Merritt Island Causeway,Merritt Island,FL,32952,USA,Southeast,(321) 452-4225,islandercomics@yahoo.com,facebook.com/islander.comics,Open
J C Comics & Cards,2609 State Rd,Cuyahoga Falls,OH,44223,USA,Midwest,(330) 929-1929,,jccomicsandcards.com,Open
J C Comics Inc,579 US-22,North Plainfield,NJ,7060,USA,Northeast,(908) 756-1212,jcrx2@verizon.net,jccomics.com,Open
JAK IN THE BOX COMICS,578 Aviation Road,Queensbury,NY,12804,USA,Northeast,(518) 223-0886,jakintheboxcomics@gmail.com,jakintheboxcomics.com,Open
JC's Comics N' More,6725 W Central Ave,Toledo,OH,43617,USA,Midwest,(419) 531-6097,jcscomicsnmore@hotmail.com,jcscomicsnmore.com,Open
JHU Comic Books,299B New Dorp Lane,Staten Island,NY,10306,USA,Northeast,(718) 351-6299,info@jhucomicbooks.com,jhu-comic-books.myshopify.com,Open
JNJ Comic Books and Games,3929 E 120th Ave A,Thornton,CO,80233,USA,West,(720) 297-0988,jnjscomicbooks@gmail.com,https://www.facebook.com/jnjcomic/,Open
JNJ Comic Books,11765 Edinger Ave,Fountain Valley,CA,92708,USA,West,(714) 839-5424,,facebook.com/jnjcomics,Open
Jason's Southeast Cards & Comics,1152 S Acadian Thruway,Baton Rouge,LA,70806,USA,Southeast,(225) 931-1901,southeastcardsandcomics@yahoo.com,secardsandcomics.com,Open
Jay's Comics,34165 US-45,Grayslake,IL,60030,USA,Midwest,(847) 223-8711,jayscomics@gmail.com,jayscomicsonline.com,Open
Jersey Coin Showcase,1350 NJ-36,Hazlet,NJ,7730,USA,Northeast,(732) 264-2531,,,Open
Brat Comics And Collectibles,248 S Veterans Blvd,Tupelo,MS,38801,USA,Southeast,(662) 231-8063,bratcomicsandcollectibles@gmail.com,instagram.com/bratcomicsandcollectibles,Open
Brickhouse Collectibles,163 W End Ave,Knoxville,TN,37934,USA,Southeast,(865) 392-1019,info@brickhousecollectibles.com,brickhousecollectibles.com,Open
Brixton & Company,1618 N Adams St,Pottstown,PA,19464,USA,Northeast,(215) 859-1427,brixtonandcompany@gmail.com,facebook.com/BrixCoComics,Open
Broken Horn Collectibles,2833 S Padre Island Dr,Corpus Christi,TX,78415,USA,Southwest,(361) 742-4508,michaelcgomez@yahoo.com,instagram.com/brokenhornscollectibles,Open
Broken Horn Toys-N-Comics,4455 S Padre Island Dr Suite #4,Corpus Christi,TX,78411,USA,Southwest,(361) 257-2057,michael@brokenhorntoysandcomics.biz,https://www.facebook.com/p/Broken-Horn-Toys-N-Comics-61563989384830/,Open
Brown's Corner,500 Main St,Point Pleasant,WV,25550,USA,Southeast,(681) 439-0932,brownscorner500@gmail.com,https://www.facebook.com/baybay5910/,Open
Brute Squad Entertainment,7000 NW Prairie View Rd,Kansas City,MO,64151,USA,Midwest,(816) 255-3289,brutesquadentertainment@brutesquade.com,brutesquadentertainment.com,Open
BuBs Comics and Cards,7483 Monterey Rd,Gilroy,CA,95020,USA,West,(408) 767-2086,Tony@bubscomicsncards.com,bubscomicsncards.com,Open
Bug's Comics and Games,1664 Bryan Rd,O'Fallon,MO,63368,USA,Midwest,(636) 294-9426,larry@bugscomicsandgames.com,bugscomicsandgames.com,Open
Bulldogs Comics and more,1472 E US Hwy 36 E Unit D,Urbana,OH,43078,USA,Midwest,(937) 935-6874,bulldogscomics@gmail.com,https://www.facebook.com/p/Bulldogs-comics-more-61550642098196/,Open
Bunjee's Comics,120 E Taylor St #3416,Griffin,GA,30223,USA,Southeast,(770) 229-3940,bunjees@gmail.com,bunjeescomics.com,Open
Buried under comics and toys,3908 Market St #104,Wilmington,NC,28403,USA,Southeast,(910) 660-8398,buriedundercomics@gmail.com,facebook.com/buriedundercomicsandtoys,Open
ByWay Books & More,399 Canal St,Brattleboro,VT,5301,USA,Northeast,(802) 490-8014,contact@bywaybooks.co,bywaybooks.co,Open
C&G Comics and Toys,29115 Hwy 6,Hempstead,TX,77445,USA,Southwest,(979) 525-7337,candgcomics@yahoo.com,candgcomics.com,Open
C4 Entertainment Oak Grove,15858 Fort Campbell Blvd Suite A,Oak Grove,KY,42262,USA,Southeast,(270) 560-4179,,facebook.com/c4oakgrove,Open
C4 Entertainment,592 Fire Station Rd,Clarksville,TN,37043,USA,Southeast,(931) 368-9017,c4entertainmentc4@gmail.com,c4-entertainment.square.site,Open
Chaos Comics and Events,5374 W Saginaw Hwy,Lansing,MI,48917,USA,Midwest,(517) 920-8288,Chaosevents21@gmail.com,facebook.com/chaoscomics22,Open
CK Comics & Collectibles,719 Manitou Ave,Manitou Springs,CO,80829,USA,West,(719) 247-8572,,ckcomicsonline.com,Open
COMICS-N-STUFF,4300 Meadows Ln Suite 1320,Las Vegas,NV,89107,USA,West,(702) 822-6367,,comics-n-stuff.com,Open
Cadets Toys & Comics,4910 Main St Suite 114,Spring Hill,TN,37174,USA,Southeast,(615) 302-8260,hello@cadetstoys.com,cadetstoys.com,Open
Calliope Comics,519 Valentine Hill Rd,Bellefonte,PA,16823,USA,Northeast,(814) 574-6667,,https://www.facebook.com/p/Calliope-Comics-100057155422824/,Open
SCG Hobby Altoona,3200 Pleasant Valley Blvd,Altoona,PA,16602,USA,Northeast,(814) 201-2845,altoona@scghobby.com,scghobby.com,Open
AVPopShop,44154 10th St W,Lancaster,CA,93534,USA,West,(661) 726-7266,Avpopshop@gmail.com,sites.google.com/view/avpopshop,Open
American Legends,1107 Central Park Ave,Scarsdale,NY,10583,USA,Northeast,(914) 725-2225,mark@amerlegends.com,amerlegends.com,Open
Atlanta Classic Comics,63 Ernest W Barrett Pkwy NW,Marietta,GA,30066,USA,Southeast,(770) 906-8846,atlantapickers@gmail.com,atlantaclassiccomics.com,Closed
Atomic Comics & Toys,4020 S Steele St #102,Tacoma,WA,98409,USA,West,(253) 472-1908,info@atomiccomicsonline.com,facebook.com/atomiccomics,Open
Atomic Comics Emporium II,467b Denbigh Blvd,Newport News,VA,23608,USA,Southeast,(757) 877-3756,atomicce@cox.net,atomiccomicsemporium.com,Open
Atomic Comics Emporium,50 W Mercury Blvd,Hampton,VA,23669,USA,Southeast,(757) 723-5003,atmcmx@yahoo.com,atomiccomicsemporium.com,Open
Atomic Empire,3400 Westgate Dr Ste 14B,Durham,NC,27707,USA,Southeast,(919) 490-7900,support@atomicempire.com,atomicempire.com,Open
Atomic Monkey Comics,11177 Katy Fwy Ste B,Houston,TX,77079,USA,Southwest,(281) 798-0777,,atomicmonkeycomics.com,Open
Atomic Planet Comics,8906 E 96th St,Fishers,IN,46037,USA,Midwest,(317) 588-9139,atomicplanetcomics@gmail.com,atomicplanet.net,Open
Awesome Comics,8420 Abrams Rd Ste 202,Dallas,TX,75243,USA,Southwest,(214) 341-7033,awesome_comics@yahoo.com,awesomecomicsonline.com,Open
B & D Comic Shop,2937 Brambleton Ave SW,Roanoke,VA,24015,USA,Southeast,(540) 342-6642,bdcomics1@verizon.net,banddcomics.com,Open
B & D Sport Cards and Comics,1326 Piney Forest Rd,Danville,VA,24540,USA,Southeast,(434) 836-9133,,https://www.facebook.com/p/BD-Comics-and-Collectibles-100091773005533/,Open
B & L Comics Cards & Nostalgia,5591 Ridge Rd,Cleveland,OH,44129,USA,Midwest,(440) 886-3077,,facebook.com/BLComics,Open
B & M Amusement,5036 Highway 58 Suite B,Chattanooga,TN,37416,USA,Southeast,(423) 490-1162,bandmorders@aol.com,bandmamusement.com,Open
B and J comics,346 Main St,Wilton,ME,4294,USA,Northeast,(207) 778-1569,info@bandjcomics.com,bandjcomics.com,Open
Big Belly Comic Cave,3814 Williamson Rd NW,Roanoke,VA,24012,USA,Southeast,(540) 595-9417,fatthorcomics@gmail.com,bigbellycomiccave.com,Open
Big J's Comics & Collectibles,3315 Johnston St,Lafayette,LA,70503,USA,Southeast,(337) 984-3405,jybbbyl@hotmail.com,https://www.facebook.com/p/Big-Js-Comics-100057415030618/,Unknown
Big Redhead Vintage Toys,5120 N Florida Ave Ste A,Tampa,FL,33603,USA,Southeast,(813) 232-2485,bigcoolredhead@yahoo.com,bigredheadcomics.com,Open
Bigfoot Comics,101 E B St,Belleville,IL,62220,USA,Midwest,(618) 406-4364,bigfootcomics101@gmail.com,bigfootcomics.org,Open
Billy Reagan Collectibles,,Franklinton,NC,27525,USA,Southeast,(919) 229-5440,billyreagancollectibles@gmail.com,billyreagancollectibles.com,Unknown
Bingo Used Books,3366 SE Powell Blvd,Portland,OR,97202,USA,West,(503) 231-4091,BingoUsedBooks@gmail.com,bingousedbooks.com,Open
Black Cat Books,2214 E Algonquin Rd,Algonquin,IL,60102,USA,Midwest,(847) 409-6295,,modernagereader.com,Open
Black Cat Comics,881 Stockton St,Jacksonville,FL,32204,USA,Southeast,(904) 717-1662,gmcomics@mail.com,blackcatcomicsjax.com,Open
Black Dog Cards and Comics,1616 W Main St,Richmond,VA,23220,USA,Southeast,(804) 381-1702,blackdogcollectables@gmail.com,blackdogcollectables.com,Open
Black Lodge Collectibles,1986 Broad St,Cranston,RI,2905,USA,Northeast,(860) 501-3137,blacklodgecollectibles@gmail.com,instagram.com/blacklodgecollectibles,Open
Black Sheep Comics,1491 N Lee Trevino Ste L,El Paso,TX,79936,USA,Southwest,(915) 235-7872,scruffy1179@yahoo.com,blacksheepcomicselpaso.square.site,Open
Blackhole Comics,732 Washington St,Norwood,MA,2062,USA,Northeast,(781) 769-4552,blackhole02745@gmail.com,theblackholecomics.com,Open
Blackthorn Game Center,1430 Highway 70 E,Dickson,TN,37055,USA,Southeast,(615) 446-6057,blackthorngc@aol.com,blackthorngamecenter.com,Open
Blackwater Market Comics & Coffee,PO Box 4003,Mansfield,OH,44907,USA,Midwest,(480) 420-4409,,bwmcomics.com,Open
Blast From The Past Comics And Toys,1209 North Rock Street,Sheridan,AR,72150,USA,Southeast,(870) 258-5103,dewaynedillon@yahoo.com,facebook.com/blastfromthepastcomicsandtoys,Open
Blue Ox Games,2713 E 10th St,Greenville,NC,27858,USA,Southeast,(252) 695-6442,sales@blueoxgames.com,blueoxgames.com,Open
Blue Ridge Comics & Toys,201 E Main St,Marion,VA,24354,USA,Southeast,(276) 608-3647,blueridgecomics@outlook.com,https://www.facebook.com/p/Blue-Ridge-Comics-Toys-61564422594012/,Open
Bona Fide Comics,2954 NC Hwy 127 S,Hickory,NC,28602,USA,Southeast,(828) 448-0193,bonafidecomicstore@gmail.com,bonafidecomicstore.com,Open
East Atlanta Comics,508 Flat Shoals Ave SE,Atlanta,GA,30316,USA,Southeast,(404) 963-2918,eastatlantacomics@gmail.com,eastatlantacomics.com,Open
Eastgate Comics Mini Mart,108 Interstate Dr,High Point,NC,27263,USA,Southeast,(336) 431-2030,eastgatecomicsminimart@gmail.com,eastgatecomics.com,Open
Eastgate Comics,609 McDonald Court Suite B,High Point,NC,27260,USA,Southeast,(336) 887-2455,eastgatecomics@gmail.com,eastgatecomics.com,Open
El Rey Comics,75 Bishop St,Portland,ME,4103,USA,Northeast,(207) 405-9831,adrian@elreycomics.com,elreycomics.com,Open
Empire Comics & Games,1636 Slate Run Rd,New Albany,IN,47150,USA,Midwest,(812) 948-9290,empirecomicsandgames@gmail.com,facebook.com/EmpireComics,Open
Empire Games,118 N McDuffie St,Anderson,SC,29621,USA,Southeast,(864) 328-9418,main@empire-games.com,empire-games.com,Open
Empire's Comics Vault,1120 Fulton Ave Suite K,Sacramento,CA,95825,USA,West,(916) 482-8779,empirescv@hotmail.com,empirescomics.com,Open
Encounter Comics & Games,811 Union Blvd,Allentown,PA,18109,USA,Northeast,(610) 774-9565,,facebook.com/encountercomics,Open
Epikos Comics and Games,5864 Brainerd Rd,Chattanooga,TN,37411,USA,Southeast,(423) 531-4184,info@epikosccg.com,epikosccg.com,Open
Escape Hatch Books,27 Main St,Jaffrey,NH,3452,USA,Northeast,(603) 532-7400,ehb@escapehatchbooks.com,facebook.com/EscapeHatchBooks,Open
Escape from LA Comics,252 S Main St,Pomona,CA,91723,USA,West,(626) 502-3185,info@escapefromlacomics.com,escapefromlacomics.com,Open
Everscape,104 E Fort St,Manchester,TN,37355,USA,Southeast,(931) 954-1520,explore@everscapeonline.com,everscapeonline.com,Open
Evil Empire Comics,201 Station Rd,Quakertown,PA,18951,USA,Northeast,(855) 936-3845,rey@evilempirecomics.com,evilempirecomics.com,Open
Evy's Treasures And Collectibles,1670 Acushnet Ave,New Bedford,MA,2746,USA,Northeast,(774) 400-3837,evystnc@gmail.com,https://www.facebook.com/p/Evys-Comics-and-Collectibles-100065374243370/,Open
,,,,,,,,,,
Capital City Comics,2713 Industrial Drive Suite D,Jefferson City,MO,65101,USA,Midwest,(573) 302-1888,capitalcitycomicbooks@gmail.com,facebook.com/CapitalCityComicsJC,Open
Cards & Comics Connection,1717 N Frazier St Suite H,Conroe,TX,77301,USA,Southwest,(936) 756-4839,cardscomicsconnection@gmail.com,cardsandcomics.net,Open
Carolina Comics & More,4110 Dr Martin Luther King Jr Blvd,New Bern,NC,28562,USA,Southeast,(252) 633-3250,,https://www.facebook.com/p/Comic-Shop-in-New-Bern-100057368983743/,Open
Carolina Comics,305 SW C Ave,Lawton,OK,73501,USA,Southwest,(580) 353-5164,carolinacomics@sbcglobal.net,carolinacomics.net,Open
Castle Comics and Games,2133 S 4th St,Lafayette,IN,47905,USA,Midwest,(765) 474-1110,yourfriendsatcastlecomics@gmail.com,castlecomicscards.com,Open
Castle Comics,901 Gallia St,Portsmouth,OH,45662,USA,Midwest,(740) 353-4777,,https://www.facebook.com/CastleComicsPortsmouth/,Open
Cavalier Comics,109 Glade St SE Suite E,Wise,VA,24293,USA,Southeast,(276) 328-9312,cavaliercomics@verizon.net,cavaliercomics.com,Open
Centerpoint Toys & Games,4792 Navy Rd,Millington,TN,38053,USA,Southeast,(901) 601-2769,centerpointtoys@gmail.com,facebook.com/CenterpointToys,Open
Central City Comics,2600 Central Ave G,Charlotte,NC,28205,USA,Southeast,(803) 487-3671,centralcitycomicsnc@gmail.com,centralcitycomics.com,Open
Cerebral Vortex,1420 N Parham Rd Fl 2,Richmond,VA,23229,USA,Southeast,(804) 640-8130,,facebook.com/cerebralvortexrva,Open
Charlies Retro Reality,401 Diagonal St,Clarkston,WA,99403,USA,West,(509) 254-7696,CharliesRetroReality2021@outlook.com,charliesretroreality.com,Open
