name,address,city,state,zip_code,country,region,phone,email,website,status
Monroes Collectibles Toys & Comics,515 State St #3324,La Porte,IN,46350,USA,Midwest,(219) 380-4440,,monroescollectiblestoysandcomics.com,Open
Monster's Lair Comics,2416 19th St,Lubbock,TX,79401,USA,Southwest,(806) 701-5800,monsterslair.rob@gmail.com,facebook.com/monsterslaircomics,Open
Mopig's collectibles and custom paint,833 N West St,Wichita,KS,67203,USA,Midwest,(316) 351-3559,,facebook.com/238473408075720,Open
More Fun Comics Studio,317 Sunset Ave,Asheboro,NC,27203,USA,Southeast,(336) 523-0677,rjdavispastor@yahoo.com,https://www.facebook.com/Comics928/,Open
More Fun Comics,8200 Oak Street,New Orleans,LA,70118,USA,Southeast,(504) 865-1800,mfcnola@yahoo.com,more-fun-comics.business.site,Open
Morgan's Comics,600 Haywood Rd,Asheville,NC,28806,USA,Southeast,(828) 505-4003,morganscomicssanctuary@gmail.com,morganscomics.com,Open
Most Wanted Comics,3701 W Old Shakopee Rd Suite 600,Bloomington,MN,55431,USA,Midwest,(612) 997-4143,mostwantedcomicsmn@gmail.com,mostwantedcomics.com,Open
Mothership Cards Manga Comics,4958 Grover St,Omaha,NE,68106,USA,Midwest,(402) 238-5151,,mothershipcomicsomaha.com,Open
Mountain Top Comics,1683 S Jefferson Ave Ste E,Cookeville,TN,38506,USA,Southeast,(931) 528-8435,,mountaintopcomics.com,Open
Mr Cards-N-Comics,5646 Mayfield Rd,Cleveland,OH,44124,USA,Midwest,(440) 421-9089,,facebook.com/mrcardsandcomics,Open
