name,address,city,state,zip_code,country,region,phone,email,website,status
Wall of Comics,433 Center St Suite 15,Ludlow,MA,1056,USA,Northeast,(413) 610-1459,comicshopguy@wallofcomics.com,wallofcomics.com,Open
Walleys Pop Comics,711 Jefferson Hwy Suite 7,Baton Rouge,LA,70806,USA,Southeast,(225) 927-1530,,,Open
Warehouse 20,3560 US-67,Pocahontas,AR,72455,USA,Southeast,(870) 202-1305,,,Open
Watchtower Heroes Comics,6 S Main St,Columbiana,OH,44408,USA,Midwest,(330) 502-8519,watchtowerheroes@gmail.com,watchtowerheroes.com,Open
Waterfront Comics,609 Main St,Suisun City,CA,94585,USA,West,(707) 425-6308,waterfrontcomics@gmail.com,waterfrontcomics.com,Open
We Can Be Heroes Comics TCG Studio,9449 De Soto Ave,Chatsworth,CA,91311,USA,West,(818) 960-4699,wecanbeheroescomics@gmail.com,https://www.facebook.com/wecanbeheroescomics1/,Open
We Love Comics,3310 W Cypress St STE 203,Tampa,FL,33607,USA,Southeast,(813) 770-8430,,,Open
We Have Issuez,401 SW Federal Hwy,Stuart,FL,34994,USA,Southeast,(772) 266-8325,info@wehaveissuez.com,wehaveissuez.com,Open
Webster Creek,33 Howard St #10,Wilton,NH,3086,USA,Northeast,(603) 825-2770,info@webstercreek.com,webstercreek.com,Open
Wednesday's Mid-Week Break & Denton Comics,401 N Elm St,Denton,TX,76201,USA,Southwest,(940) 382-7895,wmwbdenton@gmail.com,https://www.facebook.com/WMWBDenton/,Open
