name,address,city,state,zip_code,country,region,phone,email,website,status
Sequential Arts Too,1 S Market St Ste 104,Elizabethtown,PA,17022,USA,Northeast,(717) 361-7198,Jim@seqartstoo.com,http://www.seqartstoo.com,Open
Sergeant Stories,59 E 5th St,Chillicothe,OH,45601,USA,Midwest,740-703-0510,joshua@sergeantstories.com,sergeantstories.com,Open
Session Zero Comic Books and Games,109 North Main St,Weatherford,TX,76086,USA,Southwest,(682) 412-7200,sessionzerocomics@gmail.com,https://www.sessionzeroweatherford.com,Open
Seven Star Anime Arcade,1766 Green Oaks Rd,Fort Worth,TX,76116,USA,Southwest,(817) 726-6783,sevenstaranimearcade@gmail.com,https://www.facebook.com/profile.php?id=61574492481469,Open
Shadow Mountain Comics,6125 S Sheridan Rd Ste C,Tulsa,OK,74133,USA,Southwest,(918) 932-8054,contact@shadowmountaincomics.com,https://shadowmountaincomics.com,Open
Sharps Comics,4105 Hunter Rd Bldg 19B,San Marcos,TX,78666,USA,Southwest,(512) 738-2137,,https://www.facebook.com/SharpsComics/,Open
Shipwrecked Collectibles,31660 Grape St Unit C,Lake Elsinore,CA,92530,USA,West,(951) 399-3218,shipwreckedcollectibles@gmail.com,https://shipwreckedcollectibles.com,Open
Showcase Comics,631 S Chester Rd,Swarthmore,PA,19081,USA,Northeast,(610) 544-9229,ShowcasePA@aol.com,https://showcasecomicsandgames.net,Open
Silvas Collectibles toys & comics,455 N Palora Ave,Yuba City,CA,95991,USA,West,(530) 315-6324,,https://silvascollectiblestoyscomics.com,Open
Silver Wolf Comics & Collectables,10525 Rosedale Hwy Ste A,Bakersfield,CA,93312,USA,West,(661) 410-8311,silverwolfcomics@gmail.com,https://www.facebook.com/SilverWolfComics/,Open
