name,address,city,state,zip_code,country,region,phone,email,website,status
POP! Art Books Culture,6949 Market St,Boardman,OH,44512,USA,Midwest,(330) 360-9696,popabcstore@gmail.com,popabcstore.com,Open
POP-CULTURE-RAMA,3812 E Gulf to Lake Hwy,Inverness,FL,34453,USA,Southeast,(352) 419-5355,popculturerama@gmail.com,popculturerama.com,Open
POW! Card Games & Comics,175 Broadway,Port Ewen,NY,12466,USA,Northeast,(845) 616-5473,skylerh.hathaway@yahoo.com,facebook.com/powcardgamesandcomics,Open
PTB Comics & Manga,215 1st Ave S,Kent,WA,98032,USA,West,(253) 220-8016,ptbcomicsandmanga@yahoo.com,hasberts.com,Open
PY Comics,112 N Binkley St,Sherman,TX,75092,USA,Southwest,(903) 893-4007,rxramjet@verizon.net,https://www.facebook.com/PYSherman/,Open
Page-3's Game Zone,547 N Mayo Trail,Pikeville,KY,41501,USA,Southeast,(606) 432-9403,us@page3sgamezone.com,page3sgamezone.com,Open
PandaBox,30110 Crown Valley Pkwy #103,Laguna Niguel,CA,92677,USA,West,(909) 978-9764,pandaboxcollectibles@gmail.com,https://www.facebook.com/yay4may/,Open
Pandemonium Cards and Comics,2655 Windmill Pkwy,Henderson,NV,89074,USA,West,(702) 330-8088,chaoscoordinator@pandemoniumcardsandcomics.com,pandemoniumcardsandcomics.com,Open
Pantheon Comics and Games,519 S Columbia River Hwy,St Helens,OR,97051,USA,West,(503) 396-5354,pantheoncg2021@gmail.com,facebook.com/pantheoncg,Open
Paper Escape,205 W 1st St,Dixon,IL,61021,USA,Midwest,(815) 284-7567,paperescape@paperescape.com,paperescape.com,Open
Paper Tiger,7522 Forest Hill Ave,Richmond,VA,23225,USA,Southeast,(804) 658-0527,hello@papertiger.co,papertiger.co,Open
Paper Wolves Comics,29 Canterbury Ln,North Babylon,NY,11703,USA,Northeast,(631) 299-1145,,paperwolvescomics.com,Open
Past Present Future Comics,1387 N Military Trl,West Palm Beach,FL,33409,USA,Southeast,(561) 694-2557,ppfcomics@msn.com,ppfcomics.com,Open
