name,address,city,state,zip_code,country,region,phone,email,website,status
The Toy & Comic Spot,1889 NJ-88,Brick Township,NJ,8724,USA,Northeast,(732) 899-9098,,intheringcollectibles.com,Open
The Toy Box Collectables,5868 Pacific Ave SE Ste C,Lacey,WA,98503,USA,West,(360) 456-8697,,https://www.facebook.com/thetoyboxcollectables/directory_contact_info,Open
The Toy Box,5434 W Glendale Ave,Glendale,AZ,85301,USA,Southwest,(602) 872-7157,thetoyboxcollectiblesllc@gmail.com,thetoyboxaz.com,Open
The Toy Drop,6025 Madison Ave Ste E,Indianapolis,IN,46227,USA,Midwest,(317) 781-7990,thetoydrop@gmail.com,thetoydropindy.com,Open
The Turning Page,2452 N Murray Ave,Milwaukee,WI,53211,USA,Midwest,(414) 897-0483,theturningpagecomics@gmail.com,facebook.com/208787619163922,Open
The Vault 'Pop Cult',36 College St,Danville,IL,61832,USA,Midwest,(217) 213-5230,thevaultpopcult@gmail.com,https://www.facebook.com/thevaultpopcult/,Open
The Wizard's Wagon,6178 Delmar Blvd,Saint Louis,MO,63112,USA,Midwest,(314) 862-4263,thewizardswagon@gmail.com,thewizardswagon.square.site,Open
The York Emporium,113 S Duke St,York,PA,17401,USA,Northeast,(717) 846-2866,inbetweenpagesyork@gmail.com,theyorkemporium.com,Open
The Zone 2,2200 W War Memorial Dr Unit 7,Peoria,IL,61613,USA,Midwest,(309) 839-2268,thezone2peoria@gmail.com,thezone2200.com,Open
The Zone Collectibles & More,305 Main St S,Tifton,GA,31794,USA,Southeast,(229) 391-3665,thezone2peoria@gmail.com,the-zone-collectibles-more.business.site,Open
The Zone,521 Court St,Pekin,IL,61554,USA,Midwest,(309) 694-3588,thezone206@hotmail.com,thezone521.com,Open
