name,address,city,state,zip_code,country,region,phone,email,website,status
Liberty Comics,5474 Mahoning Ave,Austintown,OH,44515,USA,Midwest,(330) 618-1492,ctmurphy01@gmail.com,libertycomicbooks.com,Open
Limited Edition Comics,2156 McCulloch Blvd N #7,Lake Havasu City,AZ,86403,USA,Southwest,(928) 486-7843,limitededitioncomics@hotmail.com,limitededitioncomics.com,Open
Limited Edition Comics & Collectibles,2225 College St,Cedar Falls,IA,50613,USA,Midwest,(319) 268-4094,,facebook.com/LimitedEditionComicsCollectibles,Open
Limited Editions Comics and Collectibles,133 W Nolana Ave,McAllen,TX,78504,USA,Southwest,(956) 843-0295,lmteditions@gmail.com,,Open
London Cards and Comics,1106 S Main St,London,KY,40741,USA,Southeast,(606) 401-4800,,londonkycomics.com,Open
Lone Star Heroes,8910 Seawall Blvd Ste C,Galveston,TX,77554,USA,Southwest,(409) 632-7820,LoneStarHeroesComics@gmail.com,lonestarheroescomics.com,Open
Lone Star Heroes,145 Oyster Creek Dr Ste 12,Lake Jackson,TX,77566,USA,Southwest,(979) 266-9404,,lonestarheroescomics.com,Open
Lone Star Heroes: Comics & Toys,4106 E NASA Pkwy,El Lago,TX,77586,USA,Southwest,(281) 532-6512,,lonestarheroescomics.com,Open
Lone Star Heroes: Comics & Toys,120 TX-332 Ste B-16,Lake Jackson,TX,77566,USA,Southwest,(979) 266-9404,,lonestarheroescomics.com,Open
