name,address,city,state,zip_code,country,region,phone,email,website,status
Velocity Comics,819-A W Broad St,Richmond,VA,23220,USA,Southeast,(804) 303-1783,velocitycomicsinfo@gmail.com,velocitycomicsrva.com,Open
Velvet Underground,825 S Decatur Blvd,Las Vegas,NV,89107,USA,West,(702) 258-2689,velvetundergroundcomicscollect@gmail.com,facebook.com/VelvetUndergroundComicsLasVegas,Open
VetComics,7400 Bridgefield Dr,Powell,TN,37849,USA,Southeast,(865) 224-6710,vetcomics@gmail.com,vetcomics.com,Closed
Vibranium Comics and Gaming,2801 SW 20th St Unit 201,Ocala,FL,34474,USA,Southeast,(352) 237-9049,vibranium.comics@yahoo.com,vibraniumcomics.com,Open
Vintage Movie Posters & Comics,5800 N Interstate 35,Denton,TX,76207,USA,Southwest,(940) 565-0688,,vintagempc.com,Open
Vision Comics & Oddities,3958 S Federal Blvd,Englewood,CO,80110,USA,West,(303) 273-2800,,visioncomicsoddities.com,Open
Vision Comics,103 W Highland,Robinson,IL,62454,USA,Midwest,(618) 562-8313,,facebook.com/visioncomics246422638712388,Open
Visions Comics and Games,214 Sycamore Grove Ct,Rockmart,GA,30153,USA,Southeast,(678) 685-4696,james@visionsgaming.com,visionsgaming.com,Open
Vista Sports Cards & Comics,1068 14th Ave,Longview,WA,98632,USA,West,(360) 577-4224,,vista-is.com,Open
