name,address,city,state,zip_code,country,region,phone,email,website,status
Storyteller Comics & Games,520 6th St,Rapid City,SD,57701,USA,Midwest,(605) 348-7242,storytellerente1@gmail.com,https://www.facebook.com/p/Storyteller-Comics-Games-100057555815147/,Open
Strange Days Comics and Games,1007 Lawrence St,Port Townsend,WA,98368,USA,West,(360) 320-6319,strangedayscomicsandgames@gmail.com,strangedayspt.com,Open
Sucker Punch Comics,1000 Hope St,Stamford,CT,6907,USA,Northeast,(475) 619-9001,,suckerpunchcomicbooks.com,Open
Summit Comics & Games,216 S Washington Sq Ste B,Lansing,MI,48933,USA,Midwest,(517) 485-2369,summitlansing@gmail.com,summitlansing.com,Open
Super Comic Bros,2531 NW 23rd St Ste 100,Oklahoma City,OK,73107,USA,Southwest,(405) 850-8640,supercomicbros405@gmail.com,facebook.com/supercomicbros,Open
Super Heroes Comics Cards and Games,66 Bullsboro Dr,Newnan,GA,30263,USA,Southeast,(770) 251-5754,,southsidesuperheroes.com,Open
Supercluster Comics,30 S 4th St,Sunbury,PA,17801,USA,Northeast,(570) 550-0011,,,Open
Superhero Comics Express,146 Jericho Tpke,Floral Park,NY,11001,USA,Northeast,(516) 328-9290,,superhero-express.edan.io,Open
Superscript Comics and Games,13361 Madison Ave,Lakewood,OH,44107,USA,Midwest,(216) 712-6231,info@superscriptohio.com,superscriptohio.com,Open
Surfin Cow Comics,1637 E Main St,Waynesboro,PA,17268,USA,Northeast,(717) 420-6603,,facebook.com/surfincowcomics,Open
Surreal Comics & Cards,3107 Eubank Blvd NE Unit 27,Albuquerque,NM,87111,USA,Southwest,(505) 453-0590,,,Open
Symbiote Collectibles,514 Penn Ave,West Reading,PA,19611,USA,Northeast,(610) 781-3859,maxh150@yahoo.com,symbiotecollectibles.com,Open
