name,address,city,state,zip_code,country,region,phone,email,website,status
Collectors Crossroads,11066 Lakeline Mall Dr #9-L,Cedar Park,TX,78613,USA,Southwest,(512) 593-5930,support@collectorscrossroads.com,collectorscrossroads.com,Open
Collectors Lair-Roanoke,2155 Bennington St SE,Roanoke,VA,24014,USA,Southeast,(540) 366-5000,collair3@aol.com,facebook.com/CollectorsLairRoanoke,Open
Collectors Vault,263 Jefferson St Suite 5,Eagle Pass,TX,78852,USA,Southwest,(830) 968-8535,mtz.collectibles@gmail.com,facebook.com/CollectorsVaultEaglePass,Open
Collectors' World,16675 US Hwy 72,Rogersville,AL,35652,USA,Southeast,(256) 607-7020,apastimes@yahoo.com,upperdeckcardsandcomics.com,Open
Colossus Girl Memorabilia,3075 N Cole Rd,Boise,ID,83704,USA,West,(208) 801-2022,,instagram.com/colossusgirlmemorabilia,Open
Comic & Gaming Outpost,7556 Gardner Park Dr,Gainesville,VA,20155,USA,Southeast,(571) 248-6722,cgoinc.gnv@gmail.com,comics-gaming.com,Open
Tryke's Comic Alley,222 E Walworth Ave,Delavan,WI,53115,USA,Midwest,(262) 248-6599,trykescomicalley@gmail.com,trykescomicalley.com,Open
Comic Attic,300-2 McCombs Rd,Chaparral,NM,88081,USA,Southwest,(575) 824-4100,comicattic88@gmail.com,comicattic.com,Open
Comic Blessing,1850 Round Rock Ave Ste 7,Round Rock,TX,78681,USA,Southwest,(512) 968-7853,info@comicblessing.com,comicblessing.com,Open
Comic Book & Superhero Toy Museum,4201 N Shiloh Dr Ste 1310,Fayetteville,AR,72703,USA,Southeast,(479) 249-8180,comictoymuseum@zohomail.com,https://www.facebook.com/p/Comic-Book-Superhero-Toy-Museum-61559960030824/,Open
Comic Book Boys,11642 Knott St #12,Garden Grove,CA,92841,USA,West,(866) 823-2167,info@cbbauctions.com,cbbauctions.com,Open
