name,address,city,state,zip_code,country,region,phone,email,website,status
Creative Comics 2,415 E Washington St,Monticello,IN,47960,USA,Midwest,(574) 808-3192,jimscreativecomics@gmail.com,jimscreativecomics.com,Open
Critical Finds Comics & Collectibles,333 N State St,Ephrata,PA,17522,USA,Northeast,,criticalfindscc@gmail.com,instagram.com/criticalfinds,Open
Cromulent Comics,362 Congress St B,Troy,NY,12180,USA,Northeast,(518) 203-7441,cromulentcomics@gmail.com,cromulentcomics.com,Open
Crossroads Comics and Art,1830 Charlotte St,Kansas City,MO,64108,USA,Midwest,(816) 819-4962,info@crossroadscomicsandart.com,crossroadscomicsandart.com,Open
Crown Point Toys and Collectibles,1189 E Summit St,Crown Point,IN,46307,USA,Midwest,(219) 213-2840,CPToysandCollectibles@gmail.com,crownpointtoysandcollectibles.com,Open
Crows Nest,3-2600 Kaumualii Hwy Suite 1640,Lihue,HI,96766,USA,West,(808) 378-2025,crowsnesthawaii@gmail.com,facebook.com/CrowsNestHawaii,Open
Cutting Edge Comix & Collectibles,157 E Broadway,Red Lion,PA,17356,USA,Northeast,(223) 276-9764,cuttingedgecomixc@yahoo.com,https://www.facebook.com/CuttingEdgeComix/,Open
Cyn City Comics,219 S Walnut St Suite 2,Cynthiana,KY,41031,USA,Southeast,(859) 298-5757,info@cyncitycomics.com,cyncitycomics.com,Open
D and E Collectibles,700 Main St,Sharpsburg,PA,15215,USA,Northeast,(412) 782-3878,dande412@gmail.com,dandecollectibles.com,Open
D&D Collectibles and Toys,117 Flora St,Hidalgo,TX,78557,USA,Southwest,(956) 414-9414,dbm1@hotmail.com,https://www.facebook.com/DDCollectibles/,Open
DNA Comics & Games,20032 US-59,Humble,TX,77338,USA,Southwest,(281) 446-4131,info@dnacomics.com,dnacomicsandgames.com,Open
DaVinci's Dreamworks 2,1504 NE Jensen Beach Blvd,Jensen Beach,FL,34957,USA,Southeast,(772) 225-2295,sbatlordii@yahoo.com,instagram.com/davincisdreamworks2,Open
