name,address,city,state,zip_code,country,region,phone,email,website,status
The Gamers Den,140 Buchanan St N Suite 152,Cambridge,MN,55008,USA,Midwest,(763) 689-5370,info@gamersden.net,gamersden.net,Open
The Gaming Dungeon,63 N Main St,Washington,PA,15301,USA,Northeast,(724) 222-7270,,gaming-dungeon.edan.io,Open
The Geek Realms,2577 N College Ave,Fayetteville,AR,72703,USA,Southeast,(479) 443-7533,realmsanime@gmail.com,thegeekrealms.com,Open
The Golden Age 1942,316 Court St,Maryville,TN,37804,USA,South,(865) 980-8330,comics@thegoldenage1942.com,thegoldenage1942.com,Open
The Great Journey Comic and Toy Store,305 Temple Street,Hinton,WV,25951,USA,Southeast,(304) 672-0719,greatjourneycollectibles@yahoo.com,https://www.facebook.com/p/Great-Journey-Toys-100064872648265/,Open
The Hall of Comics,122 Turnpike Rd,Southborough,MA,1581,USA,Northeast,(508) 485-1300,thehallofcomics@gmail.com,thehallofcomics.com,Open
The House of Fun,210 White Horse Pike,Barrington,NJ,8007,USA,Northeast,(856) 833-1199,thehouseoffun@verizon.net,thehouseoffun.com,Open
The Inner Geek,104 16th St,Ashland,KY,41101,USA,Southeast,(606) 420-4066,catrina@theinnergeek.com,facebook.com/theinnergeekashland,Open
The Laughing Shield Comic Shop,1 Bank St,North Attleboro,MA,2760,USA,Northeast,(508) 695-0389,,laughingshield.com,Open
