name,address,city,state,zip_code,country,region,phone,email,website,status
13th Verse Comics,3200 West Ridge Rd,Greece,NY,14626,USA,Northeast,585-663-2377,michael@13thversecomics.com,store.13thversecomics.com,Open
1811 Comics,56 E Spring St,Williamsville,NY,14221,USA,Northeast,716-633-2424,sweetjennyswilliamsville@aol.com,sweetjennyswilliamsville.com,Open
4th World Comics,33 NY-111,Smithtown,NY,11787,USA,Northeast,631-366-4440,,fourthworldcomics.com,Open
A & J Comics Cards and Collectibles,411 S 3rd St,Union City,TN,38261,USA,South,731-599-9939,,facebook.com/pages/A-J-Comics-Cards-and-Collectibles,Open
A-1 Comics,850 E Bidwell St Ste 160,Folsom,CA,95630,USA,West,916-983-7907,,a-1comics.com,Open
Absolute Best Comics Toys,43961 15th St W,Lancaster,CA,93534,USA,West,661-206-9719,K_Adams@att.net,https://www.facebook.com/p/Absolute-Best-Comics-Toys-Games-61568483395365/,Open
Acme Comics & Books,2218 W Glen Ave,Peoria,IL,61614,USA,Midwest,309-691-9816,acmeone@comcast.net,acmecomicspeoria.com,Open
Alameda Sports Cards & Comics,1515 Webster St,Alameda,CA,94501,USA,West,510-769-0644,p94501@aol.com,alamedacardsandcomics.com,Open
All American Cards and Comics,161 W Market St,Warren,OH,44481,USA,Midwest,330-393-3137,iuz22000@yahoo.com,facebook.com/pages/all-american-cards-and-comics/162251137284,Open
All Heroes Comics,4410 Lake Ave,Rochester,NY,14612,USA,Northeast,585-865-9113,,allheroescomics.com,Open
All in A Dream Comics,3115 E Colfax Ave,Denver,CO,80206,USA,West,303-333-8616,,allinadream.us,Open
All-Star Comics,12325 N May Ave #113,Oklahoma City,OK,73120,USA,Southwest,405-842-7800,staff@allstarcomicsokc.com,allstarcomicsokc.com,Open
Allstar Comics & Games,4406 Dyer St,El Paso,TX,79930,USA,Southwest,915-562-0443,,facebook.com/AllStarElPaso,Open
Alpha Comics & Games,120 W Pine Street,Warrensburg,MO,64093,USA,Midwest,660-747-3830,bri@alphacomics.com,https://www.facebook.com/alphacomicsandgames,Open
Als Comic Shop,1847 Pacific Ave,Stockton,CA,95204,USA,West,209-464-1513,alscomics21@gmail.com,alscomics.com,Open
Alternate Reality Comics,5300 S Eastern Ave #130,Las Vegas,NV,89119,USA,West,702-736-3673,,alternaterealitycomics.net,Open
Amazing Fantasy,650 Irving St,San Francisco,CA,94122,USA,West,415-681-4344,amazingfantasy00@aol.com,amazingfantasy.com,Open
Americas Heroes Comics & Games,3401 W Stan Schlueter Loop Ste 8,Killeen,TX,76549,USA,Southwest,254-634-8200,americasheroescomics@yahoo.com,americasheroescomicskilleen.com,Open
Antiquarium Books & Collectibles,504 E High St,Jefferson City,MO,65101,USA,Midwest,573-636-1112,antiquarium05@gmail.com,antiquarium.tripod.com,Open
Arcade Entertainment,N90W16933 Appleton Ave,Menomonee Falls,WI,53051,USA,Midwest,262-251-6363,arcade.entertainment.wi@gmail.com,arcade-entertainment.com,Open
Ash Avenue Comics & Books,806 S Ash Ave,Tempe,AZ,85281,USA,Southwest,480-858-9447,drew@ashavecomics.com,ashavecomics.com,Open
Atomic Comics Games & Music,2418 W 7th St,Muncie,IN,47302,USA,Midwest,765-288-1500,,atomicgamesindiana.com,Open
Atomic Comics,11414 Artesia Blvd Ste A,Artesia,CA,90701,USA,West,562-319-7572,,facebook.com/nov018,Open
Atomic Comics,86 W Washington St,Hagerstown,MD,21740,USA,Northeast,301-739-0177,atomicspawn@aol.com,instagram.com/atomic_comics_hagerstown,Open
Axtion Comics Cards Games,2200 N Highway 190,Covington,LA,70433,USA,Southeast,985-809-2939,,,Open
B and D Sports Cards and Comics,1326 Piney Forest Road,Danville,VA,24540,USA,Southeast,434-836-9133,,instagram.com/bd.cardsandcomics,Open
B-Bop Comics South,8709 Metcalf Ave,Overland Park,KS,66212,USA,Midwest,(913) 383-1777,info@bbopcomics.com,bbopcomics.com,Open
B-Town Comics & Games,1604 Mount Pleasant St,Burlington,IA,52601,USA,Midwest,(319) 209-2768,btowncomicshop@gmail.com,btowncomicsandgames.com,Open
BaT Comics & Games,218 Broadway St,Chico,CA,95928,USA,West,(530) 898-0550,bat@batcomics.com,batcomicsandgames.com,Open
Babylon Collectibles,225 Deer Park Ave,Babylon,NY,11702,USA,Northeast,(631) 482-9056,hello@babyloncollectibles.com,babyloncollectibles.com,Open
Back To the Past Collectibles,20770 Parker St,Farmington Hills,MI,48336,USA,Midwest,(313) 533-3130,frontcounter@gobacktothepast.com,gobacktothepast.com,Open
Bases Cards & Comics,42035 12th St W #106,Lancaster,CA,93534,USA,West,(661) 942-1396,,comicshoplocator.com/Retailer/StoreProfile/1167,Open
Beachcomber Collectibles,6692 Black Horse Pike,Egg Harbor Township,NJ,8234,USA,Northeast,(609) 645-1031,bccollectibles@hotmail.com,beachcombercoinsinc.com,Open
Bells Comics Cards and Games,25 Pine Grove Square,Grove City,PA,16127,USA,Northeast,(724) 458-4081,bellscomics@zoominternet.net,facebook.com/groups/bellscomics,Open
Bethany Beach Comics and Gaming,38017 Fenwick Shoals Blvd,Selbyville,DE,19975,USA,South,(302) 539-0210,cgobbde@gmail.com,facebook.com/ComicsAndGamingBBD,Open
Bittermanns Comics and More,117 Main St,East Greenville,PA,18041,USA,Northeast,(610) 489-7357,,,Open
Blackbird Comics,5615 Losee Rd #105,North Las Vegas,NV,89081,USA,West,(702) 399-2948,lvblackbirdcomics@gmail.com,theblackbirdroost.com,Open
Bobs Comic Castle,2150 W White River Blvd,Muncie,IN,47303,USA,Midwest,(765) 282-1563,,facebook.com/Bobs-Comic-Castle,Open
Bobs Comics,979 Gadsden Hwy,Birmingham,AL,35235,USA,Southeast,(205) 833-6914,,,Open
Books Comics and Things,2212 Maplecrest Rd,Fort Wayne,IN,46815,USA,Midwest,(260) 755-2425,bct@bctcomics.com,bctcomics.com,Open
Buy Me Toys & Comics,4615 Grape Road Suite C,Mishawaka,IN,46545,USA,Midwest,(574) 271-8697,info@buymetoys.com,buymetoys.com,Open
Capital City Comics,1910 Monroe St,Madison,WI,53711,USA,Midwest,(608) 251-8445,tba@capcitycmx.com,,Open
Capitol City Comic Shop,415 Coliseum Blvd,Montgomery,AL,36109,USA,Southeast,334-215-3335,robcomix@aol.com,instagram.com/capitol_city_comics,Open
Captains Comics Toys and Games,6551 S Main St,Ashtabula,OH,44004,USA,Midwest,440-661-0443,,captainscomics.com,Open
Chautauqua Comics,214 Fairmount Ave,Jamestown,NY,14701,USA,Northeast,716-664-2287,info@chautauquacomics.com,chautauquacomics.com,Open
Clairemont Comics,2215 Fairfax St,Eau Claire,WI,54701,USA,Midwest,715-831-2112,charsh@clairemontcomics.com,clairemontcomics.com,Open
Cleveland Comics,5120 Mayfield Road,Lyndhurst,OH,44124,USA,Midwest,440-442-1986,,cleveland-comics.com,Open
Clints Books Comics & Games,3941 Main St,Kansas City,MO,64111,USA,Midwest,816-561-2848,clintsbooks@gmail.com,clintscomics.net,Open
Close Encounters Comics,1861 Hooper Ave,Toms River,NJ,8753,USA,Northeast,732-503-4672,,,Open
Collectors Choice,54 Main Street,Brockport,NY,14420,USA,Northeast,585-637-8556,collectors_choice@hotmail.com,facebook.com/CollectorsChoiceBrockport,Open
Collectors Corner,7911 Harford Rd,Parkville,MD,21234,USA,Northeast,410-668-3353,collectorscornermd@comcast.net,collectorscornermd.com,Open
Collectors Den,4020 Rhea Rd Ste 4E,Wichita Falls,TX,76308,USA,Southwest,940-386-9404,collectorsdenz@yahoo.com,collectors-den.com,Open
Collectors Edge Comics North,7826 W Burleigh St,Milwaukee,WI,53222,USA,Midwest,414-445-5055,shop@CollectorsEdgeComics.com,collectorsedgecomics.com,Open
Collectors Ink,2593 CA-32,Chico,CA,95973,USA,West,530-345-0958,collectorsink@ymail.com,collectorsink.com,Open
Collectors Inn,3107 Delaware Avenue,Kenmore,NY,14217,USA,Northeast,716-873-8633,collectorsinn@gmail.com,collectorsinn.com,Open
Comic Book Hideout,215 W Commonwealth Ave,Fullerton,CA,92832,USA,West,657-217-0624,cbhideout@gmail.com,comicbookhideout.com,Open
Comic Book Palace,620 Primrose St #3,Haverhill,MA,1830,USA,Northeast,978-372-1477,cbpalace@aol.com,comicbookpalace.com,Open
Comic Books 101,101 N Franklin St,Titusville,PA,16354,USA,Northeast,814-657-6372,comics101@zoominternet.net,,Open
Comic Cards Etc,1063C San Pablo Ave,Pinole,CA,94564,USA,West,510-724-7587,sales@wizcatcol.com,comiccardsetc.com,Open
Comic Cubicle,4809 Courthouse St STE 2,Williamsburg,VA,23188,USA,Southeast,757-229-5299,cmccubicle@aol.com,,Open
Comic Cult,1047 W Carson St,Torrance,CA,90502,USA,West,310-328-5830,comicculttorrance@gmail.com,comiccult.com,Open
Comic Empire of Tulsa,3122 S Mingo Rd,Tulsa,OK,74146,USA,Southwest,918-664-5808,comicempireoftulsa@gmail.com,thecomicempire.com,Open
Comic Explosion,214 E Nepessing St,Lapeer,MI,48446,USA,Midwest,810-667-3972,comic.explosion@gmail.com,facebook.com/pages/comic-explosion/111515155570973,Open
Comic Haven LLC,705 North Church Street,Watertown,WI,53098,USA,Midwest,(920) 262-0880,,instagram.com/comicheaven.llc,Open
Comic Kingdom,595 E Moana Ln,Reno,NV,89502,USA,West,(775) 823-9074,comickingdomreno@gmail.com,facebook.com/renocomickingdom,Open
Comic Quest,23811 Bridger Rd Ste 111,Lake Forest,CA,92630,USA,West,(949) 951-9668,comicquestdon@aol.com,comicquest.org,Open
Comic World,1204 4th Avenue,Huntington,WV,25701,USA,Southeast,(304) 522-3923,,facebook.com/ComicWorld,Open
Comic World,122 E Gannon Ave,Zebulon,NC,27597,USA,South,(919) 404-8011,comicworldzebulon@gmail.com,comicworldzebulon.com,Open
Comic Zen,301 W Main St Apt A,Lansdale,PA,19446,USA,Northeast,(267) 263-4219,comiczenpa@gmail.com,comiczenpa.com,Open
Comics & Stuff,2304 W Gray St,Tampa,FL,33609,USA,South,(813) 405-4797,cardstash@gmail.com,comicstuffonline.com,Open
Comics Are Go,5188 Detroit Rd,Sheffield Village,OH,44035,USA,Midwest,(440) 695-8401,comicsarego@gmail.com,comicsarego.com,Open
Comics Cards and Collectibles,170 Elm Plaza,Waterville,ME,4901,USA,Northeast,(207) 716-1342,,comics-cards-collectibles.myshopify.com,Open
Comics Place,105 E Holly St,Bellingham,WA,98225,USA,West,360-733-2224,info@thecomicsplace.com,thecomicsplace.com,Open
Comics Toons N Toys,13542 Newport Ave,Tustin,CA,92780,USA,West,(714) 730-2117,,webuycomics.squarespace.com,Open
Comics Universe,1869 Highway 45 Bypass,Jackson,TN,38305,USA,Southeast,(731) 664-9131,,facebook.com/ComicsUniverse,Open
Comics Vs Toys,1613 Colorado Blvd,Los Angeles,CA,90041,USA,West,323-258-2300,comicsvstoys@gmail.com,comicsvstoys.com,Open
Comics World,1002 Graham Ave,Windber,PA,15963,USA,Northeast,(814) 467-4116,pcomicon@gmail.com,facebook.com/ComicsWorldPa,Open
Comics and Cool Stuff,300 E High St,Carlisle,PA,17013,USA,Northeast,(717) 210-1192,comicsandcoolstuff@gmail.com,ebay.com/str/funkojoe,Open
Comics-N-Stuff,2525 El Camino Real Suite 260,Carlsbad,CA,92008,USA,West,760-729-2975,,comics-n-stuff.com,Open
Comics-N-Stuff,555 Broadway Ste 214,Chula Vista,CA,91910,USA,West,619-426-2637,,comics-n-stuff.com,Open
Comix Revolution Evanston,606 Davis Street,Evanston,IL,60201,USA,Midwest,(847) 866-8659,comixrev@gmail.com,online-revolution.com,Open
Comix Revolution Mount Prospect,115 W Central Road,Mount Prospect,IL,60056,USA,Midwest,847-506-0800,comixrev1@yahoo.com,online-revolution.com,Open
Comix Revolution,115 W Central Rd,Mt Prospect,IL,60056,USA,Midwest,847-506-0800,comixrev1@yahoo.com,online-revolution.com,Open
Corning Comics & Collectibles,106 Bridge St,Corning,NY,14830,USA,Northeast,607-973-2620,josh@corningcomics.com,corningcomics.com,Open
Cosmic Comics And Toys,28400 Five Mile Rd,Livonia,MI,48154,USA,Midwest,586-420-0834,cosmiccomicsandtoys76@gmail.com,facebook.com/cosmiccomicsandtoys,Open
Cosmic Comix,230 Palm Ave,Auburn,CA,95603,USA,West,530-887-1147,Cosmiccomix@yahoo.com,facebook.com/cosmiccomix,Open
Cosmic Slop Comics-Video,5 E 16th St,Antioch,CA,94509,USA,West,925-754-8740,,facebook.com/cosmicslopcomics,Open
Crazy Eds Comics,1995 NE 147th St,North Miami,FL,33181,USA,Southeast,(305) 947-6776,crazyed@crazyedscomics.com,crazyedscomics.com,Open
Darkstone Comics,69 Brookside Ave Ste 208,Chester,NY,10918,USA,Northeast,(845) 614-5178,admin@darkstonecomics.com,darkstonecomics.com,Open
Daves Comics & Collectibles,1723 Columbus St,Bakersfield,CA,93305,USA,West,(661) 374-4099,,instagram.com/daves_comics_,Open
Davincis Dreamworks,835 17th St #102,Vero Beach,FL,32960,USA,Southeast,(772) 770-3807,,facebook.com/davincisdreamworks,Open
Diggers Comics and Collectibles,114 E Florida Ave,Hemet,CA,92543,USA,West,(951) 484-8248,digger@diggerscomics.com,diggerscomics.com,Open
Dimensions Comics Music & More,1908 Hialeah Dr Ste B,Seabrook,TX,77586,USA,Southwest,(281) 942-3171,dimensionscomics@gmail.com,dimensions-comics.com,Open
Discount Hobby,5700 Beckley Road Ste E20c,Battle Creek,MI,49015,USA,Midwest,(269) 979-2262,,discounthobby.com,Open
Dizzy Dugout Cards & Comics,121 E Main Street,Collinsville,IL,62234,USA,Midwest,(618) 345-6453,facebook@dizzydugout.com,dizzydugout.com,Open
Dork Forest Comics,14 E Main St,Clifton Springs,NY,14432,USA,Northeast,(315) 462-6011,dorkforestcomics@yahoo.com,facebook.com/dorkforestcomics,Open
Downtown Comics,8925 S Meridian St,Indianapolis,IN,46217,USA,Midwest,(317) 885-6395,north@downtowncomics.com,downtowncomics.com,Open
Dr Volts Comic Connection,79 S Rio Grande St,Salt Lake City,UT,84101,USA,West,(801) 485-6114,drvolts@gmail.com,drvolts.com,Open
Dragons Keep,260 N University Ave,Provo,UT,84601,USA,West,(801) 373-3482,thedragonskeep@gmail.com,dragonskeep.com,Open
Dragons Lair Comics & Fantasy,2438 W Anderson Ln Ste B1,Austin,TX,78757,USA,Southwest,512-454-2399,info@dlair.net,dlair.net,Open
Dream-Land Comics,4626 Broadway,Depew,NY,14043,USA,Northeast,716-901-5484,bloseller1975@roadrunner.com,https://www.facebook.com/profile.php?id=100064713755193&locale=en_GB#,Open
Dreamwell Comics,4250 Cochise St,Carson City,NV,89703,USA,West,775-887-1255,dreamwell@att.net,facebook.com/pages/Dreamwell-Comics/115450145144081,Open
Earth Prime Comics,154 Church St,Burlington,VT,5401,USA,Northeast,802-860-0581,,instagram.com/earthprimevt,Open
Earth-2 Comics & Collectibles,15017 Ventura Blvd,Sherman Oaks,CA,91403,USA,West,818-386-9590,earth2comics@gmail.com,earth2comics.com,Open
Eds Cards & Comics,5857 Palmer Park Blvd,Colorado Springs,CO,80915,USA,West,719-596-9128,,,Open
Empire Comics,1069 Abbott Rd,Buffalo,NY,14220,USA,Northeast,716-382-8459,empirecomicssouthbuffalo@outlook.com,empirecomicssouthbuffalo.com,Open
Empires Comics Vault,2357 Arden Way,Sacramento,CA,95825,USA,West,916-924-0775,empirescv@hotmail.com,empirescv.com,Open
Endgame Comics and Collectibles,294 E Main St Ste A,Ventura,CA,93001,USA,West,805-628-9006,,,Open
Exile Comics,2688 Third Ave,Bronx,NY,10454,USA,Northeast,917-471-9474,,instagram.com/exilecomicsny,Open
Expired Robot,1477 NJ-23 Unit 4,Butler,NJ,7405,USA,Northeast,973-750-1377,,expiredrobot.com,Open
Fan-Quest Comics and Games,850 W 32nd St #1,Yuma,AZ,85364,USA,West,928-726-0247,honeygurl9@yahoo.com,facebook.com/groups/139025569500754,Open
Fantasy Books & Games,2247 First St,Livermore,CA,94550,USA,West,925-449-5233,fantasybooksandgames@gmail.com,fantasybooksandgames.com,Open
Fantasy Books,1113 E Main St,Belleville,IL,62220,USA,Midwest,618-235-0844,info@fantasybooksinc.com,fantasybooksinc.com,Open
Fourth World Comics,33 Route 111,Smithtown,NY,11787,USA,Northeast,631-366-4440,,fourthworldcomics.com,Open
Friendly Franks Comic Cavern,6320 NW Barry Rd,Kansas City,MO,64154,USA,Midwest,816-746-4569,,bbopcomics.com,Open
Funky Town Toys - Comics & Collectibles,45249 Van Dyke Ave,Utica,MI,48317,USA,Midwest,586-843-3684,funkytowntoys@gmail.com,facebook.com/FunkyTownToys,Open
Funny Business Comic Shop,896 N Garey Ave,Pomona,CA,91767,USA,West,909-868-1974,samanieg@verizon.net,fbcomicshop.com,Open
Galaxy Collectibles,431 5th Ave,Brooklyn,NY,11215,USA,Northeast,718-499-3222,galaxycomicsparkslope@aol.com,enterthegalaxy.com,Open
"Adventure, Ink",108 E Main St,Milan,MI,48160,USA,Midwest,(734) 545-8899,adventureinkcomics@gmail.com,adventureink.xyz,Open
"Books, Comics & Things",5808 W Jefferson Blvd,Fort Wayne,IN,46804,USA,Midwest,(260) 755-2425,bct@bctcomics.com,bctcomics.com,Open
"CardWizards Cards, Comics & More",5605 W 7th St,Texarkana,TX,75501,USA,Southwest,(903) 490-3802,cardwizardstxk@gmail.com,thecardwizards.com,Open
"Dimensions Comics, Music & More",323 W Main St,La Porte,TX,77571,USA,Southwest,(281) 942-3171,dimensionscomics@gmail.com,dimensions-comics.com,Open
"Fistful of Cards Toys, Games & Comics",901 S China Lake Blvd Ste 300,Ridgecrest,CA,93555,USA,West,(442) 966-9891,fistfulofcardsrc@gmail.com,fistfulofcardstoysgames.com,Open
"Game Over Comics, Cards, And Collectibles",911 B S Main St,Burlington,NC,27215,USA,Southeast,(336) 270-0538,gameoverccc@gmail.com,gameovercomics.net,Open
"Mr K's Used Books, Music and More",4 Mark Twain Ct,Johnson City,TN,37604,USA,Southeast,(423) 610-1088,,mrksusedbooks.com,Open
"Rainbow Comics, Cards & Collectibles",6891 A St Ste 104,Lincoln,NE,68510,USA,Midwest,(402) 975-8332,taylorfromrainbow@gmail.com,rainbowcomicsandcards.com,Open
"Raven's Comics, Collectibles & Books",2016 E Southport Rd #1,Indianapolis,IN,46227,USA,Midwest,(317) 787-8288,,,Open
"Retro 2 New Games, Comics, and Cards",2403 Hwy 71 S Ste B,Marianna,FL,32448,USA,Southeast,(850) 693-1221,retro2newgames007@gmail.com,,Open
"SCG Hobby, Latrobe",1025 Latrobe 30 Plaza Suite 129,Latrobe,PA,15650,USA,Northeast,(724) 879-4648,latrobe@scghobby.com,scghobby.com,Open
"The Cave Cards, Comics & Collectibles",6625 Superior Ave,Sarasota,FL,34231,USA,Southeast,(941) 284-5952,,thecaveccc.com,Open
"The Comic Book Shop, Spokane Valley",11510 E Sprague Ave,Spokane Valley,WA,99206,USA,West,(509) 703-7600,comicbookshopvalley@gmail.com,thecomicbookshop.net,Open
"The Daycare Kids? Comics, Toys and Antiques",704 Ingram Blvd,West Memphis,AR,72301,USA,Southeast,(870) 733-4059,thedaycarekids@gmail.com,facebook.com/Mr.RobertsDaycareKids,Open
"The Deep Comics, Games & Toys",2205 Mock Road SW,Huntsville,AL,35801,USA,Southeast,(256) 532-1292,edward@deepcomics.com,deepcomics.com,Open
"The Grumpy Old Man's Comics, Art & Collectibles",1737 NW 56th St Suite 102,Seattle,WA,98107,USA,West,(206) 257-0557,grumpyoldmanscomicsart@gmail.com,grumpyoldmanscomicsartcollectibles.com,Open
"The Multiverse Comics, Games, & Collectibles",931 Melbourne Rd,Hurst,TX,76053,USA,Southwest,(817) 616-3052,staff@multiverse.shop,multiverse.shop,Open
"Why So Serious Comics, Cards, & Collectibles",324 S Duke St,La Fayette,GA,30728,USA,Southeast,(706) 639-0685,seriouscomics324@gmail.com,,Open
1 Stop Card Shop and Games,17777 Lower Boones Ferry Rd Suite C,Lake Oswego,OR,97035,USA,West,(503) 305-7620,info@1StopCardShopAndGames.com,1stopcardshopandgames.com,Open
1.21 Gigawatts Comics Toys and Nostalgia,601 N Main St,Borger,TX,79007,USA,Southwest,(407) 927-8606,gigawattscomicsntoys@gmail.com,https://www.facebook.com/1.21Gigawattscomics/,Unknown
181 Comics and Collectables,8907 Benbrook Blvd Suite A,Fort Worth,TX,76126,USA,Southwest,(817) 439-9767,181comicsllc@gmail.com,linktr.ee/181comics,Open
1811 Comics,56 E Spring St,Williamsville,NY,14221,USA,Northeast,(716) 633-2424,sweetjennyswilliamsville@aol.com,facebook.com/1811comics,Open
217 Comics Cards & Games,1820 Adlai Stevenson Dr,Springfield,IL,62703,USA,Midwest,(217) 572-0791,,217comics.com,Open
26/40 Comics,1068 Highlands Dr,Erie,CO,80516,USA,West,(912) 596-3365,,instagram.com/2640_comics,Open
3 C's Hobby & Model,12755 County Road 35,Sterling,CO,80751,USA,West,(970) 522-1089,,3-cs-hobbies.business.site,Open
3 Keys Comics,595 W Exchange St,Crete,IL,60417,USA,Midwest,(708) 279-7643,wesellcomixx@gmail.com,3keyscomics.com,Open
3rd Coast Comics,3828 S Texas Ave,Bryan,TX,77802,USA,Southwest,(979) 492-2013,terry@thirdcoastcomics.com,3rdcoastcomicshop.square.site,Open
4th Wall Comics,1224 Millersville Pike,Lancaster,PA,17603,USA,Northeast,(717) 208-3524,4thwallcomicslancaster@gmail.com,4thwallcomicslancaster.com,Open
808 Collectibles,945 Kamehameha Hwy #10,Pearl City,HI,96782,USA,West,(808) 230-5980,,,Open
901 Comics East,8551 Macon Rd,Cordova,TN,38018,USA,Southeast,(901) 249-7959,901comicseast@gmail.com,901comics.com,Open
A AND A Comics,970 N French Rd,Buffalo,NY,14228,USA,Northeast,(716) 553-7678,,ebay.com/str/aandacomics,Unknown
A New Chapter,109 E Wood St,Paris,TN,38242,USA,Southeast,(731) 363-0571,anewchapterparis@gmail.com,,Unknown
A to Z Comics,1300 SW US Highway 40,Blue Springs,MO,64015,USA,Midwest,(816) 224-0505,,atozcomics.com,Open
A walk in time,1626 6th Ave,Charleston,WV,25387,USA,Southeast,(304) 220-0476,awalkintime2020@gmail.com,awalkintime.com,Open
A&A Comic Book Store,421 N Pennsylvania Ave,Lansing,MI,48912,USA,Midwest,(517) 303-3445,rubengarciaaacbs@gmail.com,aacomicbookstore.com,Open
A+ Comics & Collectibles II,115 N Locust Hill Dr,Lexington,KY,40509,USA,Southeast,(859) 269-6633,staff2@apluscomics.com,apluscomics.com,Open
AA Comics and Cards,610 Cumberland St,Lebanon,PA,17042,USA,Northeast,(717) 644-9345,contact@aacomicsandcards.com,aacomicsandcards.com,Open
Acme Comics Downtown,335 S Davie St,Greensboro,NC,27401,USA,Southeast,(336) 663-7041,shopacme@acmecomics.com,acmecomics.com,Open
Adam's Action Figures & Comics,4039 State Route 14,Rootstown,OH,44272,USA,Midwest,(330) 518-7324,adamsabol7@netzero.net,adamsactionfiguresandcomics.com,Open
Adventures in Ink,15201 Ronald Reagan Blvd Suite 210,Leander,TX,78641,USA,Southwest,(512) 671-0392,eliroberts@aiicomics.com,aiicomics.com,Open
Air Capital Comics,2611 E Harry St,Wichita,KS,67211,USA,Midwest,(316) 630-8060,contact@aircapitalcomics.com,aircapitalcomics.com,Open
Alchemist's Cove Games & Comics,25 W Main St Suite 4,Schuylkill Haven,PA,17972,USA,Northeast,(570) 593-8187,alchemistscove@gmail.com,alchemistscove.com,Open
Alien Entertainment Store,702 S Main St,Lombard,IL,60148,USA,Midwest,(630) 519-3415,cs@alienentertainmentstore.com,alienentertainment.com,Open
Jack's Comics & More,1395 US-1 Ste C,St. Augustine,FL,32084,USA,Southeast,(904) 829-0944,allbookscomics@gmail.com,jackscomicsandmore.com,Open
All C's Collectibles,2510 E Arapahoe Rd,Centennial,CO,80122,USA,West,(303) 770-0042,allcs@comcast.net,allcscollectibles.com,Open
All Star Books and Collectibles,29207 Gratiot Ave,Roseville,MI,48066,USA,Midwest,(313) 348-0515,,,Open
All Star Cards,3800 W Saginaw Hwy Ste 4,Lansing,MI,48917,USA,Midwest,(517) 977-0109,allstarny3800@yahoo.com,facebook.com/p/All-Star-Cards-100058870164029,Open
All Star Comics,3520 FM 365,Nederland,TX,77627,USA,Southwest,(409) 724-6077,allstar.comics@gmail.com,allstarcomicsonline.com,Open
Alpha Comics and Games,1601 Willow Lawn Dr Suite 300-B,Richmond,VA,23230,USA,Southeast,(804) 282-5532,alex@alphacomics.com,alphacomics.com,Open
Alpha Quadrant Games,3353 East State Road 60,Valrico,FL,33594,USA,Southeast,(813) 786-5605,alphaquadrant13@gmail.com,alphaquadrantgames.com,Open
Alter Ego Comics & Games,2828 N Main St,Baytown,TX,77521,USA,Southwest,(281) 839-7127,alteregoccg@gmail.com,alteregocng.com,Open
Alternate Dimension Toys,126 S State St Ste 101,Newtown,PA,18940,USA,Northeast,(215) 944-8595,alternatedimensiontoys@gmail.com,instagram.com/alternatedimensiontoys,Open
Amaya Bros Comics,357 Cambridge St,Cambridge,MA,2141,USA,Northeast,(617) 714-4108,info@amayabroscomics.com,amayabroscomics.com,Open
Amazing Action Comics,1715 N Portland Ave,Oklahoma City,OK,73107,USA,Southwest,(405) 708-3828,,,Open
Amazing Imaginarium,1113 Howard St,Omaha,NE,68102,USA,Midwest,(402) 594-7061,imaginariumomaha@gmail.com,amazingimaginarium.com,Open
America's Heroes Comics & Games,3401 W Stan Schlueter Loop Ste 8,Killeen,TX,76549,USA,Southwest,(254) 501-8556,,americasheroescomicskilleen.com,Open
AnZ Comics,12525 Fondren Rd Suite N,Houston,TX,77035,USA,Southwest,(409) 292-9552,info@anzcomics.com,anzcomics.com,Open
Anastasia's Collectibles,805 S Harbor Blvd,Fullerton,CA,92832,USA,West,(714) 784-6892,anastasiascollectibles@hotmail.com,acdisney.square.site,Open
Andyseous Odyssey,2910 S Beckley Ave Suite 175,Dallas,TX,75224,USA,Southwest,(469) 493-7156,info@andyseous-odyssey.com,andyseous-odyssey.com,Open
Angelo's Comics,181 Balboa St,San Marcos,CA,92069,USA,West,(619) 727-0414,comicsbyangelo@gmail.com,ebay.com/str/angeloscomicbooksandmore,Open
Angry Comics,1330 Bragg Blvd,Fayetteville,NC,28301,USA,Southeast,(910) 920-0389,angrycomics@me.com,angrycomics.com,Open
Animazed,8613 Glenwood Ave Suite 101,Raleigh,NC,27617,USA,Southeast,(919) 836-6015,animazedstore@gmail.com,animazedstore.com,Open
Anime Pavilion,7700 Backlick Rd Suite C,Springfield,VA,22150,USA,Southeast,(703) 534-1544,manager@animepavilion.com,animepavilion.com,Open
Another Comic Shop,1341 E Kearney St Ste 100,Springfield,MO,65803,USA,Midwest,(417) 812-9483,jeff@anothercomicshop.biz,anothercomicshop.com,Open
Another Planet Comics & Other Stuff,530 SW 11th St,Lawton,OK,73501,USA,Southwest,(580) 919-8564,anotherplanetcomics65@gmail.com,ebay.com/str/anotherplanetcomics,Open
Apotheosis Comics & Lounge,3206 S Grand Blvd,Saint Louis,MO,63118,USA,Midwest,(314) 802-7090,astlcomics@gmail.com,shopapotheosis.com,Open
Arkham Asylum Comics,2550 S Nova Rd Unit 8,South Daytona,FL,32119,USA,Southeast,(386) 310-4540,arkham.comics.2023@gmail.com,arkhamasylumcomics.com,Open
Arkham Gift Shoppe Comics,4091 William Flynn Hwy #500,Allison Park,PA,15101,USA,Northeast,(412) 486-3140,arkhamgiftshoppe@gmail.com,arkhamgiftshoppe.com,Open
Asylum Comics,5360 N Mesa St Ste L12,El Paso,TX,79912,USA,Southwest,(915) 875-8600,asylumcomics1@gmail.com,facebook.com/asylumcomicsandcards,Open
B.L.R. Comics,171 East Huron Avenue,Bad Axe,MI,48413,USA,Midwest,(989) 975-2834,b.l.r.comics@gmail.com,facebook.com/profile.php?id=61563181840561,Open
BAMF Comics,101 Carolina Ave,Crewe,VA,23930,USA,Southeast,(434) 538-0055,,bamf-comics.mybigcommerce.com,Open
Baby Gorilla Comics and Collectibles,424 W Lincoln Hwy Suite 203,Penndel,PA,19047,USA,Northeast,(267) 461-1335,,babygorillacomics.com,Open
Back To the Past Comics,20770 Parker St,Farmington Hills,MI,48336,USA,Midwest,(313) 533-3130,frontcounter@gobacktothepast.com,gobacktothepast.com,Moved
Bad Dog Comics,405 W Main St,Albemarle,NC,28001,USA,Southeast,(704) 982-4708,emyers@baddogcomics.com,instagram.com/baddogcomics,Open
BamPowComics & Collectibles,8228 Mayfield Rd Suite 2B,Chesterland,OH,44026,USA,Midwest,(440) 999-0106,,bampowcomics.org,Open
Bankston's Comics and Collectibles,1321 S Valley Mills Dr,Waco,TX,76711,USA,Southwest,(254) 755-0070,Info@bankstons.com,bankstons.com,Open
Barbarian Comics,11242 Triangle Ln,Wheaton,MD,20902,USA,Northeast,(301) 946-4184,info@barbariancomics.com,barbariancomics.com,Open
Bartertown Collectibles,2235 Empire Blvd Ste 3,Webster,NY,14580,USA,Northeast,(585) 201-9084,bartertowncollectibles@yahoo.com,facebook.com/bartertown.collectibles,Open
Basement Bar Collectibles,1116 Main St Suite A,Benton,KY,42025,USA,Southeast,(270) 387-0122,basementbarcollectibles@gmail.com,basementbarcollectibles.com,Open
Batcave Treasures and Toys,7535 US-64,Bartlett,TN,38133,USA,Southeast,(815) 514-6104,,batcavetreasuresandtoys.com,Open
BearCave CCG,8820 Reseda Blvd,Northridge,CA,91324,USA,West,661-425-4810,,bearcaveccg.com,Open
Bearded Comics & Collectibles,101 E Main St,Crawfordsville,IN,47933,USA,Midwest,206-302-8851,Beardedcandc@gmail.com,facebook.com/beardedcandc,Open
Beardy Weirdy's Comics,325 McGill Ave NW,Concord,NC,28027,USA,Southeast,704-242-1119,beardyweirdyscomicsandtoys@gmail.com,facebook.com/beardyweirdyscomics,Open
Bedrock City Comic Co,4831 Hwy 6,Missouri City,TX,77459,USA,Southwest,832-987-1994,bedrock6@bedrockcity.com,bedrockcity.com,Open
Bedrock City Comic Co.,1266 N Fry Rd,Houston,TX,77084,USA,Southwest,713-628-8684,bedrock7@bedrockcity.com,bedrockcity.com,Open
Bedrock City Comic Company,102 W Bay Area Blvd,Webster,TX,77598,USA,Southwest,281-557-2748,bedrock4@bedrockcity.com,bedrockcity.com,Open
Bedrock City Comic Company,6516 Westheimer Rd Ste D,Houston,TX,77057,USA,Southwest,713-780-0675,bedrock@bedrockcity.com,bedrockcity.com,Open
Bender's Books & Cards,22 S Mallory St,Hampton,VA,23663,USA,Southeast,757-723-3741,,facebook.com/benders,Open
Bennie's Comic Books & Sports Cards,462 N Sharpsville Ave,Sharon,PA,16146,USA,Northeast,724-347-3390,crah@infonline.net,bennies-comic-book-sports.business.site,Open
Bent Wookee Comix,127 Fairfield Ave,Johnstown,PA,15906,USA,Northeast,814-539-0085,bwilt@hotmail.com,facebook.com/BENTWOOKEECOMIX,Open
Berzerk Comics,6823 S US Hwy 1,Port Saint Lucie,FL,34952,USA,Southeast,772-530-3079,berzerkcomics@outlook.com,berzerkcomics.com,Open
Beyond Tomorrow Comics,327 N Northwest Hwy,Palatine,IL,60067,USA,Midwest,847-705-6633,beyondtomorrowcomics@gmail.com,linktr.ee/beyondtomorrowcomics,Open
Big Alpaca Comics,5885 Babcock Rd,San Antonio,TX,78240,USA,Southwest,726-300-2833,info@bigalpacacomics.com,bigalpacacomics.com,Open
Big Apple Comics & Collectibles,4561 S Western St,Amarillo,TX,79109,USA,Southwest,806-353-3078,george.cortinez@gmail.com,bigapplecomics.com,Open
Big Bang Comics and Collectibles,437 Broad St,Sewickley,PA,15143,USA,Northeast,412-259-8742,bigbangcomicsandcollectibles@gmail.com,bigbangcomicsandcollectibles.com,Open
Capitol City Comic Shop,177 Eastern Blvd # A,Montgomery,AL,36117,USA,Southeast,334-215-3335,,instagram.com/capitol_city_comics,Moved
Comic World,1265 S Cotner Blvd #18,Lincoln,NE,68510,USA,Midwest,(402) 466-6066,m.brunton3@ntlworld.com,comicworldnebraska.com,Moved
East Bay Comics,116 Union St,Providence,RI,2903,USA,Northeast,401-310-0505,ebcomix@gmail.com,ebcomix.com,Moved
Fisk Comics,16254 Whittier Blvd,Whittier,CA,90603,USA,West,562-693-1309,,instagram.com/fiskcomics,Moved
